0.8595,1.134,1.7908,0.2604,-0.6299,2.241,1.3655,2.018,2.5104,0.2409,-1.2675,2.3703,0.6256,1.5561,1.761,2.5546,1.8701,2.1911,0.8463,-6.1009,1.4861,-6.3798,1.007,3.5235,0.0485,0.8984,0.226,3.2199,2.7603,2.2201,0.0148,0.1926,1.965,1.2114,-0.1358,-0.282,-0.0549,1.4149,-0.1223,0.7781
-0.2501,-2.8059,-0.841,-0.0732,-1.4487,0.2865,-1.6561,-0.0794,0.5394,1.4144,-2.1439,-2.6148,-1.8924,-1.4427,-1.1868,-1.4647,-2.6303,-2.8254,-2.9379,-5.5814,-1.8632,-6.5157,-1.0369,-1.2664,-2.9648,-0.2852,-2.0902,-3.4519,-2.9692,0.0613,-2.8225,-0.4691,-2.9716,-0.2888,-3.5359,-0.75,-1.6501,-1.6062,-2.0031,-2.5113
-3.7031,-3.8549,-2.6576,-1.3369,-4.1498,-0.412,-2.5263,-1.8035,-4.5798,-0.0722,-0.1435,-2.5538,-4.8643,-2.3017,-2.1677,-1.8071,-1.9283,-3.2341,-3.1083,-9.2622,-1.7241,-10.4244,-2.4294,-3.9915,-1.8481,-2.7759,-3.4848,-3.4118,-2.3521,-4.7293,-3.2756,-4.122,-2.8733,-2.9342,-5.7799,-2.7829,-1.464,-1.751,-3.8343,-4.1905
-1.5443,-3.8177,-2.5852,-4.5049,-4.0204,-3.8781,-2.1156,-1.6074,-4.0461,-2.3457,-4.0524,-5.0053,-0.5981,-3.4963,-4.5184,-4.9986,-3.6872,-2.7548,-4.3522,-6.6307,-1.833,-10.2563,-2.8942,-2.4886,-5.1432,-3.9136,-4.2783,-4.4981,-3.5664,-5.1501,-4.8048,0.8206,-5.3459,-1.0911,-1.5536,-3.4511,-3.4595,-4.6317,-2.2554,-4.9232
-2.5937,-3.7474,-5.9538,-3.5718,-4.702,-5.7338,-4.0888,-1.5389,-5.3144,-6.5004,-4.4051,-6.3927,-3.6372,-2.1072,-3.6542,-4.1532,-1.0739,-2.749,-3.8837,-9.5105,-1.62,-8.2891,-3.9658,-2.8235,-3.961,-5.4072,-4.3175,-5.4034,-3.1473,-2.5097,-3.9506,-6.3728,-3.9096,-5.5616,-4.3157,-3.599,-4.4101,-3.3517,-4.7833,-7.5134
-2.4891,-1.6703,-1.673,-1.4122,-1.5652,-2.3295,-3.0024,-0.461,-0.9658,-5.3098,-2.7006,-2.7378,-1.9498,-1.5355,-1.7089,-4.0026,-2.4304,-2.5392,-2.6527,-8.594,-3.3656,-7.6294,-1.8051,-2.525,-2.7067,-3.5981,-2.7203,-0.3274,-0.0971,-2.6246,-2.2508,-1.1157,-1.0763,-3.8899,-2.9023,-1.5022,-3.2376,0.176,-1.8904,0.392
-3.61,-0.8353,-6.2119,-1.0008,-5.4068,-5.6849,-1.5867,-1.9203,-2.7035,-2.2651,-2.5414,-4.5384,-4.0408,-6.058,-4.6332,-5.81,-1.5952,-3.7686,-2.4105,-8.4878,-2.7763,-9.3736,-2.8524,-3.4194,1.0511,-3.7063,-4.4628,-3.7396,-1.2248,-3.2891,-1.7509,-1.7324,-4.5552,-3.1316,-1.0914,-1.1014,-3.7458,-1.1367,-3.4934,-0.4604
-1.1088,-4.049,-3.1019,-3.9371,-4.1875,-0.8942,-3.1312,-1.9718,-4.1223,-5.3633,-7.1657,-0.9984,-4.3013,-3.9584,-5.5922,-2.8717,-7.2027,-2.4865,-4.3496,-8.4374,-4.2637,-8.6028,-3.2498,-3.9517,-4.2664,-3.4895,-2.986,-3.0221,-5.4276,-4.9737,-0.9845,0.5989,-0.4423,-3.4704,-2.9175,-4.3697,-5.1884,-3.2987,-4.7239,-1.5686
-4.1306,-3.4971,-3.1963,-4.0565,-3.1314,-5.8205,-4.7691,-2.6269,-5.2273,-1.6076,-3.3639,-7.5714,-8.6816,-6.2383,-8.1869,-6.9813,-4.7056,-3.8095,-5.1613,-11.8556,-7.6571,-8.7871,-4.4153,-3.7766,-4.907,-5.9311,-8.2927,-8.5167,-4.9522,-2.9712,1.2668,-1.7321,-4.4972,-6.9395,-2.3116,-2.7269,-2.0785,-4.3078,-1.1689,-4.8831
-4.8581,-7.6668,-3.0462,-6.5834,-2.8357,-3.0932,-7.3626,-4.0523,-8.2431,-2.0879,-4.0387,-5.3245,-5.9441,-4.8783,-3.2494,-6.6483,-7.2773,-8.5424,-3.6937,-13.5973,-6.3565,-12.261,-4.8122,-8.2622,-7.9627,-4.6513,-8.3073,-7.1997,-8.0482,-5.0219,-5.1807,-4.1903,-4.4379,-7.197,-2.7835,-4.0355,-4.6261,-5.8916,-7.3119,-9.3625
-4.7635,-4.5855,-6.5198,-6.6131,-7.9913,-5.9741,-3.3271,-6.6125,-8.9693,-10.7487,-6.9803,-7.77,-5.3232,-10.8597,-6.7272,-8.3415,-7.179,-9.787,-5.2409,-14.5615,-7.0767,-16.8997,-6.0993,-6.3832,-10.1883,-2.3478,-6.5452,-9.2664,-11.3102,-7.5669,-10.8131,-5.1728,-10.688,-9.8159,-8.2265,-7.016,-8.7008,-6.9764,-8.1541,-6.5134
-7.6132,-10.589,-8.0385,-9.6712,-7.7935,-7.7573,-9.6483,-6.5037,-9.6786,-6.9698,-11.5563,-6.5308,-11.9972,-6.8255,-9.0745,-12.327,-9.381,-8.5198,-11.8409,-17.6244,-8.2599,-17.3525,-7.2834,-10.7071,-5.8654,-8.5396,-8.0325,-9.2918,-7.5558,-6.5451,-8.0755,-9.3189,-9.785,-11.0192,-9.4963,-5.1396,-11.6699,-10.5718,-9.1432,-8.0582
-14.0375,-9.5181,-6.7179,-12.2736,-11.8568,-7.3157,-8.5956,-9.7953,-8.0858,-9.5273,-9.1476,-10.3985,-9.8319,-6.8494,-8.6377,-11.2661,-10.4976,-9.047,-8.4331,-17.9097,-9.6566,-19.4503,-8.6855,-10.0493,-9.6059,-9.4047,-11.4483,-10.3612,-11.1702,-12.8234,-14.2701,-10.9321,-11.0058,-11.2015,-7.5527,-11.8962,-10.768,-12.3068,-13.4794,-9.0186
-9.7216,-7.632,-6.5534,-9.6328,-7.071,-9.0967,-7.1531,-10.0472,-7.4826,-7.6538,-9.5409,-8.1955,-8.7992,-7.1483,-8.3617,-9.5616,-10.0142,-8.5314,-8.4147,-19.8801,-7.0099,-16.6906,-7.3486,-7.3345,-6,-11.9099,-10.8682,-10.2061,-13.9036,-8.8866,-7.7204,-12.821,-12.8616,-10.0289,-9.7865,-7.2258,-13.4777,-11.0256,-12.2529,-8.3873
-6.6548,-7.1583,-6.333,-10.2938,-8.4531,-7.8934,-10.2321,-6.6264,-6.9271,-3.7214,-6.516,-8.4971,-8.5482,-2.9246,-8.9033,-6.1884,-6.4565,-7.1236,-6.2747,-17.9715,-8.0237,-16.106,-6.8995,-6.0651,-6.5283,-10.3735,-7.8426,-8.8319,-8.9475,-7.2803,-6.5054,-6.553,-9.7967,-5.3741,-8.7571,-10.3402,-11.1902,-6.8065,-10.3272,-8.5409
-4.5183,-3.2328,-7.0417,-8.7595,-4.5771,-6.9714,-6.6915,-5.1939,-6.2762,-4.5186,-7.592,-5.1966,-3.4543,-4.859,-3.4622,-7.2935,-7.8008,-3.6374,-5.702,-15.3271,-7.3682,-16.0913,-7.9738,-6.2473,-4.2715,-7.9597,-9.5158,-6.4809,-13.5725,-9.7738,-9.0462,-1.3002,-11.0542,-8.16,-6.9007,-4.7093,-8.5934,-8.1991,-7.0497,-8.1417
-7.3954,-8.3049,-2.2633,-5.2766,-5.6431,-7.8011,-6.7065,-10.7539,-5.2676,-7.232,-7.5352,-6.814,-8.6364,-5.4121,-5.2725,-6.3765,-7.3785,-7.0817,-11.9448,-14.1849,-1.9535,-15.5493,-4.8489,-5.1107,-3.8813,-12.3471,-7.467,-10.6249,-8.3393,-5.3509,-8.0503,-2.8707,-10.0171,-7.3481,-6.0405,-5.7269,-4.8678,-7.5724,-6.797,-5.0176
-6.5324,-4.6936,-7.7763,-7.0618,-6.7784,-1.7602,-5.6051,-3.8739,-3.4388,-7.206,-6.8648,-4.6436,-9.7339,-5.2217,-5.8085,-8.1673,-3.9426,-4.4984,-3.4529,-13.1143,-6.953,-15.4759,-6.2054,-4.3586,-6.0749,-1.373,-3.9736,-5.0302,-7.2229,-6.0089,-9.9702,-2.8209,-6.6594,-1.8486,-4.1331,-5.9475,-9.909,-5.2032,-7.5091,-5.5438
-5.7176,-10.0758,-5.9945,0.0222,-6.7808,-6.2424,-7.4779,-12.1427,-5.5336,-6.9142,-8.2035,-4.3665,-8.4307,-4.1011,-7.2836,-5.8865,-3.7988,-4.9266,-5.6711,-17.6825,-6.003,-17.2941,-8.4043,-2.6019,-2.1505,-5.0749,-6.1293,-6.098,-11.7736,0.9225,-5.2483,-3.2488,-8.9193,-4.3067,-3.5759,-5.5938,-6.4955,-4.7866,-6.3219,-5.1538
-7.4871,-5.5809,-6.1586,-9.4799,-6.3048,-7.5445,-9.2178,-10.2369,-7.616,-7.6112,-5.0304,-11.1871,-5.3411,-8.2392,-10.829,-9.3833,-8.922,-9.7412,-7.0865,-16.0505,-9.3151,-16.6345,-2.9249,-14.9758,-5.5588,-2.8955,-7.3778,-9.3016,-11.3748,-7.0322,-8.5655,-5.5964,-8.2451,-7.6981,-12.6201,-8.0564,-11.7045,-6.302,-7.9192,-5.873
-11.9139,-13.1532,-11.2632,-8.0719,-6.0744,-7.189,-10.3023,-11.2984,-4.4948,-8.0725,-4.2003,-7.3329,-8.7831,-11.0167,-7.3482,-12.7082,-6.1532,-2.2647,-6.985,-17.1168,-4.1264,-20.1861,-2.4959,-11.5925,-12.4563,-9.3422,-8.9968,-8.5165,-8.6332,-8.9661,-9.1622,-2.731,-5.059,-6.2051,-9.6231,-8.7384,-11.04,-5.6673,-8.5118,-5.612
-9.4402,-10.5891,-5.9711,-9.6022,-4.7141,-7.4293,-8.9067,-5.8366,-4.885,-6.5587,-6.5521,-7.5841,-6.3607,-7.3808,-7.1041,-6.6819,-1.9468,-7.5163,-7.2148,-21.0576,-6.8341,-15.8866,-5.4332,-10.3863,-3.4942,-2.9617,-5.7851,-8.3263,-5.1129,-4.8991,-5.4219,-6.0527,-4.9129,-4.4945,-11.9458,-5.0611,-5.5465,-5.0792,-4.5645,-3.7562
-8.0802,-5.5891,-10.5192,-8.0382,-11.8013,-6.5544,-9.0835,-12.221,-6.2913,-5.1844,-11.8678,-11.4217,-9.518,-14.2552,-5.5977,-12.0301,-7.705,-6.6601,-8.9926,-18.1342,-10.4659,-20.1965,-2.9379,-9.3515,-3.3373,-8.6498,-12.317,-6.534,-3.0294,-5.4376,-9.4524,-4.8099,-8.3889,-5.0968,-3.2352,-5.4937,-4.5257,-1.648,-8.7681,3.6948
-2.9667,-4.0608,-9.3026,-10.1896,-7.2208,-6.2565,-7.1446,-4.7969,-10.4657,-7.6931,-6.3407,-5.1118,-5.7175,-7.3973,-17.2453,-0.3064,5.4987,-10.7146,-8.0572,-18.8427,-3.0807,-19.3114,-1.37,-4.1296,-7.7308,-5.2675,-2.5592,-6.7147,-6.4029,-5.7574,-9.9416,-3.2411,-5.2231,-5.0087,-4.6107,-3.3283,-9.5,-5.4892,-10.0344,-4.2617
-6.5267,-6.0019,-8.8984,-11.0632,-1.8076,-10.729,-7.3188,-1.585,-11.5783,-5.0812,-13.6645,-8.0881,-7.6516,-9.1018,-4.4499,-13.4112,-9.3155,-7.219,-5.5843,-16.092,0.3763,-19.9738,-3.5865,-5.5229,-6.6763,-5.3462,-6.9851,-7.0186,-6.276,-5.9339,-8.4855,-6.3224,-10.2163,-5.2809,-4.2842,-10.9869,-1.5408,-1.0124,-6.5644,-2.1826
-5.4161,-13.0112,-5.7748,-14.1653,-8.4242,-4.3168,-8.4843,-7.9439,0.9014,-7.718,-3.9312,-13.9969,-11.4998,-11.1827,-2.5633,-3.1051,-5.3567,-8.4418,-7.1615,-20.873,-5.2262,-10.7294,-1.7265,-6.6741,-7.0983,-8.0774,-2.6496,-12.4601,-3.0658,-4.0441,4.0727,-6.205,0.4223,-6.6344,-2.1913,-0.7853,-6.6245,1.33,-6.6439,-5.4698
1.3786,-9.9161,-6.0187,-7.2363,-16.2653,-1.7541,-7.2842,-9.7001,-13.5202,-8.3926,-2.5914,-7.6004,-2.8572,-9.0642,-7.5124,-14.9776,-4.0392,-2.7087,-8.729,-19.3712,-6.0995,-13.4549,-3.2403,-5.077,-0.5056,1.0237,-0.3007,-2.7925,-5.5066,-2.9434,-3.2687,-0.5321,-4.9404,-4.4088,0.139,3.7233,-9.4738,-5.6317,0.1558,-1.0705
-7.6593,-8.9814,-10.1391,-14.7175,-14.6837,-6.0924,-4.2001,-8.8333,-0.7931,-10.5706,-8.9857,-12.2308,-6.5106,-9.4735,-1.6348,-7.8873,-12.7222,0.0523,-11.0065,-18.0602,-3.9414,-16.6887,1.856,-0.1546,-8.7953,-5.5131,0.5912,-0.6153,0.4662,-0.7943,-3.1402,-5.2213,-4.1347,-0.1008,4.5732,-7.5737,2.4776,-4.4542,-4.5944,-3.8223
-7.6091,-16.9351,-9.0158,-12.7307,-8.7198,8.6333,-4.1568,-12.5542,-6.4471,-1.825,-8.8631,-1.782,-4.3922,-7.441,-6.6628,-5.8093,-5.7644,-10.3486,3.0395,-16.1946,-0.3951,-14.128,-2.6453,-2.2565,1.0438,0.5903,-2.2933,-4.1898,-2.2384,1.9172,-0.5821,-3.9528,-1.0565,0.5764,3.9673,-6.4563,-7.0438,-6.9011,-5.6194,-0.6201
-3.7228,-8.3128,-2.8841,-4.9396,-8.3204,-1.0148,-5.8886,-5.6447,-0.5155,-1.2439,-7.9225,-7.4971,-9.3937,0.5901,-9.1692,-6.0385,4.1034,-3.204,-1.8785,-18.1962,-4.8668,-15.9058,-0.2814,-2.3436,-4.1924,-1.7732,-5.1851,-6.1329,-3.7612,1.5669,-3.9937,5.1679,-4.5904,-8.3541,-7.3355,8.2036,-4.0262,-4.8872,-2.8592,-0.976
-5.7771,-4.1073,-3.8815,-2.5759,-11.2172,0.6875,-3.3044,-7.1625,3.9879,-11.8045,-5.889,-2.7522,-4.2398,-5.85,-0.648,-2.9927,-5.3465,-1.5301,1.7875,-10.6751,-2.754,-11.5515,-3.3372,-4.4207,-4.6944,-6.8752,-11.8319,-10.1406,0.2877,-1.652,1.2701,2.2305,-4.9053,1.7686,-10.6783,1.5002,-9.264,2.1171,-6.6555,-5.9381
2.2626,-10.6535,-4.0209,-1.1904,-8.027,-8.317,-7.1946,-7.0353,-8.3625,-0.9838,-1.6863,-6.9712,-0.7612,4.2671,-6.4526,-5.028,-4.9841,7.5225,-10.1014,-14.5836,-3.5884,-12.1394,0.8432,-7.8122,-1.9875,-3.4551,-7.386,-4.6226,-4.12,-14.8394,-1.3675,-3.0399,-3.1902,-4.9005,-7.0453,-1.9122,-4.23,9.0937,-4.5598,-10.2075
-2.683,-10.1424,-1.9927,-2.9788,-10.1886,-5.3329,3.7125,-6.1429,-5.677,-14.0157,3.826,-10.4557,-3.0337,1.5887,-2.0131,-2.9356,0.4554,0.3705,5.2626,-2.8202,-5.3028,-14.514,-6.9234,0.6097,-0.6686,-6.4147,-4.1989,-2.9254,3.0695,-12.592,-1.6076,-2.7353,-5.3578,-5.7955,-2.2444,-0.503,-0.9257,-2.742,-2.7851,3.6846
-8.2641,-1.9016,-2.7255,-9.536,-5.0489,-2.7873,-4.6578,1.226,-5.6114,-12.4822,-5.5621,-1.4268,-13.0184,-3.4532,-0.7128,-8.3496,-5.0615,-4.5452,-4.2487,-14.7606,5.5841,-13.9075,-8.2109,-9.0874,-8.4353,-14.0251,1.9543,-3.2865,-0.7432,-9.9434,-13.6221,-3.1886,-9.4984,-5.4239,3.2801,-7.9618,-3.2471,-8.7128,-6.3537,-2.2526
0.1459,-3.4319,-7.7156,-1.8382,2.5606,-8.1626,6.0606,-2.3449,-9.7055,-3.2705,-4.4585,0.7214,-2.1342,-7.0701,-3.0093,2.6164,-5.5405,0.4851,-5.6974,-12.0342,-2.365,-14.4522,0.7006,-11.2189,-2.719,-9.8419,-8.6292,-10.1001,-2.4446,-10.6404,-6.9631,-3.3435,0.4845,2.9791,-7.5725,-4.4673,-1.6394,-8.5227,1.771,-2.6723
1.2995,3.4226,0.8405,1.8464,-0.1743,-3.9916,-1.9125,3.5836,-0.9468,-3.3779,-1.1325,-1.5249,-0.3845,-6.2053,-7.3546,3.3574,2.3911,-3.8057,-2.1271,-14.3761,-3.9396,-14.0474,0.3882,-9.0207,4.5391,-4.0982,-0.79,0.7386,0.9744,-2.7892,-1.1634,-1.997,-6.2533,2.3819,-1.8115,-9.1764,4.5082,2.0801,-3.5548,-4.1006
0.941,0.6852,-3.0064,-0.9057,8.5619,-3.8726,1.084,2.169,-3.7091,-5.6929,-4.2065,-5.1417,-1.9754,-7.0985,-9.4794,-6.1409,-8.642,-4.3192,-6.5528,-8.4374,-5.6832,-11.8983,-7.0842,-14.5397,1.7473,-7.741,4.0759,-11.603,-0.5663,0.2089,-1.7245,-6.8413,-8.2454,-6.5817,-10.6208,6.2028,2.2003,0.5739,-7.204,-2.7297
-8.2323,6.2748,0.249,-6.9573,-6.758,2.2926,5.0475,0.1069,-22.7006,2.7108,3.6957,-8.3221,-0.6254,-4.4909,-15.8839,-10.3326,-0.5326,-5.8594,-4.3481,-9.0315,0.6249,-17.9076,-4.8349,1.8733,-9.0423,-8.4699,-4.1969,-0.4106,-2.1641,-3.8401,-13.1272,0.038,-5.5855,-7.562,-3.8634,1.519,-9.1792,-3.058,-10.6228,-10.8954
-7.1182,-0.2695,4.4638,-3.9011,-18.1186,-5.2901,-6.2207,-3.619,-8.5203,-5.6115,-6.7987,-11.707,-4.1267,-6.4059,-8.3382,-6.3576,-10.8677,-4.4773,-10.9849,-14.595,-11.6571,-11.6405,-7.6762,-8.7311,-8.7651,-9.1298,-4.9246,3.3087,-5.6571,-14.7125,-7.2291,-6.3741,-12.2438,-8.7295,-2.1005,-0.7136,-11.3724,-7.1731,-1.2085,-4.6525
-6.2392,0.1964,-9.0058,-0.8908,-1.6129,-5.0354,-6.6129,-16.7623,-10.0899,-1.6523,-3.8402,-9.0306,-7.4612,-14.6918,-9.4431,-11.2907,-2.5132,-11.7444,3.333,-24.0748,-11.955,-20.844,-6.6989,-12.7684,-8.5334,-15.533,-13.6391,-11.6427,-2.9664,-5.153,-11.4182,-5.6616,-10.4546,-10.9017,-17.3213,-5.9869,-15.7918,-6.8905,-8.8694,-2.6925
-12.2892,-3.1911,1.0633,0.5617,1.5339,-6.6042,-7.7165,3.2837,0.8289,-13.133,1.2072,-6.6636,-16.1862,-2.3122,-8.6804,-18.0209,-5.379,-4.925,-3.7862,-18.0368,-10.0133,-17.0473,-6.2676,-1.6802,-0.0232,-11.4986,-8.0968,-14.3378,-10.1726,-12.9335,-5.8947,-11.8671,-6.2124,-11.0752,-3.9054,-10.5316,-2.596,-13.273,-1.3629,-7.1898
-9.9566,-17.9778,-6.8505,-11.9411,-6.267,-6.6334,-2.5137,-14.4436,-14.4275,-14.7735,-3.6822,0.6918,-6.331,-18.3294,1,-3.9657,-13.2012,-2.1831,-3.6686,-18.4589,-8.9277,-10.9709,-10.5281,-8.6185,-3.286,-15.6685,-5.4456,-5.4326,-4.436,-11.4549,-11.7471,3.8899,-14.5335,-3.7187,-10.5371,-14.9217,-9.0543,-9.5504,-3.3363,-12.7003
-20.7901,-3.392,-2.6657,-8.7482,-7.3439,-4.7899,-13.5513,7.6066,-3.6869,1.0721,-9.1177,-1.3793,-10.014,-7.7919,-13.6572,-10.6564,-4.3537,-16.222,-9.2264,-21.3468,-0.3936,-20.782,0.72,-12.4278,-17.6297,-14.13,-10.9264,-9.1145,-11.1286,-12.7464,-16.3364,-6.201,-10.6462,-17.1076,-7.3227,-3.4091,2.789,5.7424,1.904,-11.3412
-24.9431,4.9092,-1.918,2.4591,-10.882,0.8737,-5.1839,-10.9785,4.0445,-11.129,1.9573,-4.6514,-8.2528,-5.9271,-12.5959,-7.9596,-14.46,7.5656,-0.2167,-10.6429,-6.8834,-10.4592,10.0037,2.6917,-8.7694,-1.47,-6.3933,-0.0698,-18.8234,4.1631,-15.5565,-3.2501,-5.0932,-7.8589,-5.1544,8.6901,-7.1037,-5.0972,-7.9462,-4.5935
-6.1333,-16.9686,7.0096,-15.782,-10.0567,-12.7116,-6.8918,-3.5204,-14.1159,-4.8884,-1.0781,-12.4516,-13.9874,-3.8094,-5.51,-12.9726,-7.6248,0.8308,-2.653,-8.1261,-10.5811,-15.6506,9.0426,-2.0769,-2.8735,0.4812,-11.1992,-13.13,-11.9728,-10.2959,-0.9168,1.322,-9.3032,-10.341,8.3715,-5.9883,-11.5683,-1.2678,-14.4564,-3.1542
-5.3025,-0.9196,-1.7491,-2.8097,-8.0602,-10.867,-6.7914,7.5782,-14.9694,-5.3118,-6.8829,-7.7776,-0.5287,-9.4356,-10.5191,-4.2805,-15.6929,-2.0811,-17.3746,-2.0097,2.9445,-16.9217,3.6372,-0.9972,-11.3641,-8.1692,-6.7529,-11.6388,-5.4144,-4.1411,-7.7243,-4.7479,-1.14,-2.2713,-2.5803,7.9566,-9.647,1.7329,0.1786,2.7598
-5.386,11.1273,-7.2419,-8.5669,-10.6433,-15.7314,-6.4158,-4.3066,1.1903,1.7874,-5.8841,1.6297,-1.3279,-11.2626,-8.7076,1.2358,-13.8101,-1.2825,-11.0048,-0.9466,12.6503,-16.6161,0.7763,4.3439,3.5339,0.5883,6.6457,-3.1207,-1.2893,-0.3197,-16.8819,-8.7129,-13.6734,-2.6189,-11.5657,0.2244,-4.0363,-4.4455,-7.7844,7.7807
6.6828,0.7524,-0.7146,17.4212,-5.5715,-1.0589,1.2393,-7.0621,-7.7028,-3.4405,-2.7546,-3.4348,-11.9618,-0.5291,-13.1473,2.6306,-11.296,8.9461,5.7383,-23.6025,-0.7073,-8.2359,-17.0134,-0.3615,-3.5351,8.2641,4.2675,4.3614,-10.4295,-13.0839,-6.617,6.8922,4.0672,1.9162,7.2883,-0.8699,-6.5714,6.1394,-13.0642,-3.4123
2.0132,1.2972,-2.6021,3.3414,1.1398,0.8587,-7.2241,-7.8106,-3.9536,17.8999,-6.7793,3.1447,0.7597,3.1105,-3.0852,-6.2734,-9.3636,-1.2908,-6.403,4.3498,-1.007,-1.4013,11.0068,-0.6488,1.9024,0.9837,-4.1454,5.1538,6.6167,-15.8298,-5.9581,-9.8924,10.2373,10.6061,-11.5125,-4.1746,-7.4898,-2.9091,5.0811,-1.3969
-11.438,-9.1377,-5.606,5.9642,-3.8464,5.8864,-1.2652,-22.351,-11.2548,11.9352,-12.5872,7.0955,3.2725,17.592,6.1555,3.2053,-0.5348,-19.0399,-0.8926,-23.5233,10.1113,-16.7593,15.0965,4.2701,5.3297,3.9814,2.865,-1.2931,6.6915,5.0133,-13.1025,8.9317,-5.2586,14.9053,15.5534,-0.4349,-5.0093,-7.0428,9.6426,31.9466
-6.1547,14.6781,7.3566,1.2786,-4.2116,9.9904,-8.6902,-2.3877,-6.1695,6.0531,-3.7706,6.0989,-9.02,-3.1914,4.33,5.9684,-3.2095,-6.0067,-0.4893,7.1379,12.8558,-11.2501,1.4244,5.4512,6.9389,15.1238,2.3902,2.894,1.0716,9.4419,-13.9396,5.2148,-1.4008,2.2853,-2.5699,-5.8598,-4.2937,14.9785,-3.7312,-1.5846
6.024,8.3386,4.3733,8.5578,11.0392,8.2422,7.1333,4.0311,9.5546,2.9679,3.6631,-0.1934,-0.8173,-3.895,0.2282,-1.8174,-12.9549,-7.3866,-3.6141,3.4186,-7.9868,-13.2885,7.9688,1.6612,8.0425,-2.0784,-2.5372,6.2736,18.3763,-1.9343,-1.1408,12.4873,1.7483,0.4001,13.8579,23.1489,11.7049,1.3822,-4.0985,10.7882
3.023,-2.9615,3.7785,-2.1933,-4.4387,13.6425,1.7619,16.9817,-11.06,-3.6943,-8.5434,-3.6461,-5.9309,10.9378,-10.2515,2.9807,1.1569,13.6763,-2.648,-3.3333,-2.3702,-3.4957,11.8655,-3.4637,17.8805,-0.4857,-13.7649,2.4134,0.6829,-5.2802,-10.4284,1.8721,-8.0981,6.0485,19.8844,6.859,1.3137,-3.3882,0.2633,13.7576
4.4197,-3.773,-7.2756,-9.8223,5.2732,9.9599,14.4468,-8.9412,-18.3628,1.8113,-1.7045,4.9457,-1.9644,-10.9724,-4.3651,5.3983,-2.9064,-9.2738,7.6406,-4.0809,-13.0012,-8.4509,-21.2175,-14.0557,6.2667,-12.5004,3.5339,-10.4529,9.5022,-12.0818,-1.977,-10.8117,-1.4889,8.0317,-12.9443,19.1309,2.0231,-2.4454,-4.4001,-4.8445
0.4279,-9.9649,-5.4746,-5.81,2.1099,-13.8205,7.6611,-6.9973,-1.5456,-1.106,4.8982,10.3593,-7.392,-2.5205,9.0428,3.7402,-4.5614,-21.0998,-10.6106,-11.087,-7.8396,-24.4627,1.8955,-2.8994,16.1701,13.6871,-16.8456,2.6105,-0.6629,4.1204,-8.249,16.2613,-7.8687,-2.8678,-14.8974,-10.392,-13.2006,-6.3511,3.6847,1.3578
-3.9037,-17.8715,-6.5562,-12.663,1.2796,3.0918,-7.0108,1.9522,-7.3599,24.223,5.7613,-1.1819,-6.0787,6.7844,-2.4131,-7.4203,-1.9132,-19.3219,-2.2104,17.4881,-0.8525,-12.2732,6.715,-5.8882,-4.1893,17.9151,3.8184,9.8369,-13.3178,-3.1725,9.9134,-8.171,-4.1935,-5.6011,-9.7834,-4.0389,-1.8735,16.0427,-6.9722,-15.3331
-8.6287,0.7398,-6.8634,-6.8851,14.036,8.2215,-6.0428,-8.4433,-4.1845,12.1541,-2.5525,-9.1185,-7.2817,13.3153,-14.1296,-0.6095,-7.4349,-13.7481,-0.2991,-12.9686,-11.9908,-10.0826,-20.1889,-18.3717,5.0002,-8.0129,-11.8232,-4.4783,-12.2809,-13.7115,-15.9672,-2.2231,-11.351,6.8976,3.9166,-12.6521,4,-12.2863,-9.0928,-6.3785
4.7678,-10.7001,-22.9059,-9.6778,3.1558,-16.5578,8.0268,-16.2135,7.9356,-8.1281,-17.6603,6.0119,0.7814,-19.2981,0.4218,-2.5788,-13.7365,-2.9378,-14.3506,-9.1199,0.0815,-10.9137,3.4572,-13.5593,-6.5264,-4.6239,-11.8391,-12.3671,-15.3887,-4.6475,-14.633,-6.4415,-6.3603,12.609,20.6809,2.1104,-11.2269,-8.0326,-5.6396,-14.0876
-5.891,23.0902,2.5572,0.8223,-5.1442,-4.9456,-8.1078,-13.2066,5.1179,-5.9266,-1.6207,-1.0583,2.194,1.9103,-13.1943,-14.6052,-15.988,-14.1816,1.3348,-6.0558,-7.7149,2.8436,5.2238,-10.3211,2.5101,-21.5073,3.1503,-10.5926,-1.6056,-8.8385,-8.9444,-0.1631,13.4967,-19.0926,-2.9259,-9.2842,-8.9553,-3.108,-4.6565,-5.005
-10.0109,-13.2428,-19.9654,-10.2495,-28.6655,-2.3407,-0.8998,-14.8002,-8.0457,-16.7724,-6.2325,-27.6893,-3.5471,-15.0206,7.6287,22.7996,21.166,-8.5516,-20.4054,-8.3852,-15.3949,-16.3953,-14.844,-16.3812,-6.1312,-5.2655,-20.0856,-22.5551,-11.5517,0.4313,1.2763,-7.4338,-7.0987,4.6793,-8.4049,0.0113,-17.3861,-9.6668,-18.2057,-8.2177
-21.6028,-8.6791,1.4422,14.4161,11.3716,3.2385,-18.1032,-19.7827,7.2435,20.1089,-18.733,-12.0116,-8.0493,-18.4015,-9.9955,-3.3089,2.5056,8.0405,9.5545,-26.6817,-18.4018,-9.2835,-22.0341,-7.4667,4.2994,-21.9024,2.675,-9.9129,-8.6882,-0.0758,-13.8732,15.0446,-25.9619,-7.4872,-2.9346,-14.2578,-23.6353,-1.8656,-19.4706,-8.3615
-14.8988,-24.9519,-28.1488,-16.2793,0.5557,3.5444,-9.2293,-14.9405,-1.1086,-12.6997,-3.0094,-13.8725,-6.4738,-13.1004,-9.3745,-8.0576,-13.208,-18.6516,-26.0082,-5.9573,-9.2774,-2.8543,-15.3878,-12.1684,-14.5149,-8.1614,-2.0086,-20.5761,25.7928,0.7162,-3.7597,7.4969,-1.3639,16.5849,-11.7937,1.2117,8.8099,-9.5115,18.0342,-9.4176
11.729,-14.4158,-5.4584,-7.467,3.7039,2.6037,-9.1227,-21.4757,-10.8804,-16.5503,15.271,-26.1623,-12.4365,-11.3834,5.995,-3.1677,-8.397,-25.1154,-5.876,-5.7834,-18.8482,-9.2141,-25.6053,-14.1681,13.7827,-7.97,-18.5525,4.4623,-32.278,-13.5237,-15.5825,-13.4062,-22.4079,-10.8527,14.2534,-8.7441,-18.3508,1.2453,5.738,-2.0301
-3.1272,-6.5752,-6.4678,-11.9455,-30.2215,-29.6617,16.4815,-23.0932,-0.2479,-4.2502,-12.8299,-3.8514,-27.7817,-12.6721,-19.2564,13.0379,-19.8989,-31.7784,-14.289,-20.9414,-8.1449,-40.484,-22.397,-0.3684,0.586,-19.5573,-17.4736,-17.4574,-4.8561,-15.7217,-1.9023,-4.0664,-3.226,-5.3617,9.711,-16.6128,-10.9379,-8.398,-14.58,-32.037
-5.5988,-7.378,-31.8898,-28.8008,-21.6292,0.0281,-11.1066,-5.8586,-0.529,18.4564,-28.2266,-10.2933,-12.8059,-35.3571,-9.4663,-10.6195,-5.4578,3.354,-31.119,-18.4301,-15.4059,-14.3731,-13.9648,-15.5349,-11.9247,-5.564,-1.241,-24.4731,-17.8535,-20.4164,-24.6731,-19.5736,21.3919,-0.1047,18.8533,-11.2394,-0.8049,-4.3353,-16.0516,-22.3474
5.6532,-17.446,1.4701,-1.1122,-9.1921,-17.9241,16.276,-20.3949,-1.2813,8.0001,-1.6323,-16.5779,-15.6967,5.6201,-2.049,17.532,-30.8072,-3.9335,6.66,-20.2726,9.8048,-9.3686,12.3345,-6.5315,1.6536,-15.6825,-7.7559,-0.7686,-17.1813,3.7366,1.5721,-10.0702,-7.2072,3.3469,0.1427,-7.8829,-3.5629,-0.9867,-16.3279,14.8107
-6.38,-32.2317,5.3462,0.9135,-5.815,-25.8048,-17.9089,-1.9849,-4.5185,-27.2299,14.2026,-30.8391,-31.0613,-8.4066,-30.9545,-10.5957,-0.785,-1.7647,-9.9586,-20.9987,-26.6987,-28.5082,-6.2212,-15.6786,-14.0844,-0.1876,-10.3614,-18.2963,-14.2277,-23.4943,-26.7849,-14.0212,23.5524,12.5599,-15.5565,9.6862,-7.674,-18.2896,-18.5716,-29.2368
-2.8383,-8.0939,-16.9518,-5.0939,-8.1245,-13.1213,-18.2346,-15.3947,-15.9027,-17.3446,-14.3137,-20.1229,-1.7872,-25.0917,-16.388,-15.3101,-15.9685,-8.6785,-11.2486,-16.3188,-7.5341,-18.3436,-5.6703,-17.9332,-10.1601,-10.4587,-11.5052,-12.8499,-19.801,-18.1392,-16.8626,-10.6441,-25.3882,-1.1563,-10.4805,-11.0142,-10.648,-12.2498,-5.8428,-14.106
-22.2481,-3.0177,-18.5187,-18.0571,-4.4742,10.921,-9.5128,-16.6213,0.1086,-21.9378,-20.4342,-4.351,-23.1845,-0.9927,-17.1182,-10.663,-13.6847,-13.0118,-11.0873,-17.5764,-23.8478,-10.5533,-7.3346,-2.0294,-4.2346,-7.395,-7.8803,-11.015,-10.3507,-7.4597,-3.4608,-10.2251,-7.8253,-12.3842,-10.8119,0.008,-13.4884,8.0707,-8.2872,-2.0762
-14.9727,-12.3939,-11.575,-19.8956,-15.2994,-19.4268,-21.8118,-5.1777,-16.5174,-12.3246,-16.5942,-9.3983,-16.6758,-5.4381,-12.5384,-5.6601,-13.2272,-11.8115,-4.9345,-0.3293,-5.0342,-7.7259,2.27,20.6432,-2.1383,-7.0964,4.9946,-19.488,-4.0039,1.7455,11.9612,-3.4274,-5.8132,-9.1305,-3.2645,-0.583,-2.6608,-14.256,-25.9845,-15.3933
-19.2422,-5.028,-23.2861,-10.908,-15.5876,-11.6576,6.7485,-7.8319,-3.6877,-0.5595,7.8837,6.4829,-20.1546,14.7189,-6.5364,1.9412,1.6358,13.5385,-14.3834,-4.3376,-0.5143,-1.3354,2.24,-3.3389,8.0507,-5.2336,0.3027,9.6953,-5.2223,-3.375,2.905,-15.6262,-9.7447,-9.8443,4.5693,6.2359,21.4605,-0.3812,-2.341,-3.0807
-10.525,-2.6971,-14.1283,-5.8412,-12.3665,-9.8473,-13.8395,2.6302,-4.8878,0.4296,-3.2039,-3.3887,9.2247,-8.4374,4.6998,25.3025,-9.3202,-2.2987,14.47,1.2657,-5.0101,-1.8592,0.9805,6.8051,1.5683,14.6824,10.7815,10.4847,-0.3235,-1.623,-3.3601,2.1684,-7.4808,10.0541,3.5634,-6.903,0.6208,-8.6832,-7.4797,-16.169
-7.7701,3.2039,4.6705,-2.5346,11.4901,11.6405,15.2809,-6.8256,28.8788,13.3335,19.8579,5.7572,-1.7517,19.8524,32.8563,22.0024,9.0257,19.6157,-8.649,11.0436,5.5853,9.2469,6.267,1.7973,15.8679,-6.5704,13.9505,4.3362,7.4346,-1.8948,10.8775,8.4715,1.9912,4.0082,-3.1215,22.5393,-0.5746,13.768,-3.8719,13.1409
12.5373,3.4452,11.2455,17.6817,0.905,-0.6279,7.4717,20.6943,16.6541,0.24,-5.2987,-4.9439,6.5835,36.3246,7.46,0.1874,-3.8756,9.788,0.3687,13.2107,10.8833,18.8088,2.0949,8.936,8.6761,9.8179,-4.819,-1.9157,-5.5561,2.5296,5.4472,-6.6703,-11.7064,1.6436,13.9391,6.8377,-14.9505,-7.7911,10.6156,-6.9524
-9.1256,-11.4165,2.2207,-13.1177,7.6832,24.8726,8.9545,-6.9309,4.3209,8.7623,13.3313,-6.0647,-8.1456,11.4262,33.1261,-12.1669,-9.4418,2.3982,-9.4416,6.6732,-1.0395,6.9292,7.5091,3.3138,2.3892,-4.8297,13.7164,2.639,4.5517,-5.1601,-22.3528,-5.9574,1.1791,2.2916,11.7317,-0.8164,-0.2996,-3.0454,17.7916,-6.2239
11.8747,4.8149,5.3604,2.6923,3.676,23.6922,0.2284,8.2726,10.3391,10.837,-5.3196,10.07,-5.1425,-5.4096,0.4456,4.7706,-5.7273,6.6824,7.0556,24.0302,15.4038,-5.9374,-7.2182,4.558,20.6336,-9.8458,-10.0567,0.3434,9.298,2.3339,-10.4508,0.8029,1.7003,1.8462,13.0592,2.6954,1.8226,5.0407,0.6208,11.3283
3.8296,6.3333,-6.4697,16.2418,-8.6456,-1.6931,0.9779,11.9836,14.7734,6.5731,2.086,-0.8142,4.3943,-8.4254,8.117,-1.9424,6.3333,1.0333,17.8648,16.6981,-2.2587,-1.7896,12.2839,-2.6018,9.7905,16.6592,5.4412,13.4183,-5.9617,-3.4921,4.0876,6.238,-5.9543,0.4955,7.9381,-1.1136,-0.554,-3.2179,-4.1945,-18.0268
-6.5072,4.7927,7.135,0.3959,-13.481,-0.0967,16.1107,-0.5665,-4.9476,2.3711,-1.123,-19.0721,9.0202,8.3455,14.3798,1.6298,11.4563,12.9911,21.2059,-5.4054,-6.7385,-7.9325,-4.2054,3.0679,-11.721,0.2058,-6.5168,-1.4092,-4.1224,-7.0063,10.1527,-1.89,3.7181,0.1474,6.3023,4.9596,19.8478,-3.9455,-8.3,3.8957
11.3741,-5.3336,7.8966,3.0234,3.1872,-4.787,0.1075,12.0785,-7.5756,0.017,-11.7926,12.1191,15.9201,-2.8561,1.5658,13.9633,19.0924,14.3542,5.6498,10.6169,-1.5976,12.6819,0.8273,-11.7668,10.4622,-7.6985,1.6789,9.1987,-6.1924,-7.281,-8.8552,-9.6117,8.0474,6.4647,-4.4758,0.0003,8.821,-14.978,5.3624,2.2673
5.6333,1.9269,3.663,12.2049,-4.2476,9.4499,-3.5581,-0.6285,6.6462,6.8459,-13.6169,-6.9687,0.2766,-3.771,3.4585,2.4918,-16.7458,2.8995,-2.9025,13.1365,5.2234,-3.5045,-3.8128,6.5965,3.2212,-8.7163,-3.4337,-4.636,18.6742,-5.2068,-0.7682,11.1904,-1.1909,-3.0042,8.2123,-6.1238,14.3571,0.9414,-3.0799,9.9284
1.1592,8.3598,16.7626,-16.487,-2.9389,-2.5286,8.584,-10.2976,17.1892,6.7788,-7.6888,1.3778,-25.0058,0.3718,-2.4816,26.32,-0.4119,-4.4613,0.7283,21.1441,10.7855,-3.9783,-10.3813,-2.8126,4.8437,-1.1976,4.9651,-2.2961,-15.0364,-11.9843,-10.8949,2.1589,1.1734,1.0735,0.9591,3.5914,-10.0341,0.3528,-1.9113,-1.8073
2.6894,-6.3932,-5.1632,-8.9135,-6.9647,18.8824,3.489,-0.6875,2.4465,9.224,3.7158,-9.0591,6.994,9.1249,21.712,-1.8221,-14.7717,12.4217,-4.6957,-3.4353,-8.1044,7.3593,-3.5563,29.2405,-5.7552,0.8429,2.7695,9.3946,13.9175,7.8565,3.3347,-10.4846,-5.2088,4.6785,1.1419,0.4301,-3.0906,22.3297,0.9063,19.9211
-9.9802,-2.3546,-2.5212,-0.0572,3.8324,-1.502,8.1096,-5.8729,-1.3931,12.4551,-7.6036,15.6103,-23.6151,-5.8942,-0.2047,-21.289,-4.0602,-7.5759,13.0696,4.6211,-4.9414,-7.6458,-11.1932,-3.7374,3.2563,-1.7965,5.779,-2.7185,-8.5419,8.6857,-7.0677,10.5237,-1.7562,10.5682,-3.5376,-8.0613,-5.0274,-10.9009,21.8968,-6.4277
9.7382,-10.5,-11.1677,1.8057,-16.0331,3.1312,3.2936,-23.7354,20.1698,17.5994,17.603,6.3407,6.215,-6.9394,1.9866,3.6468,-2.6461,5.4283,12.9263,5.7037,-4.9865,-1.5442,5.4227,-2.1377,-12.1433,12.3206,-19.8001,-0.9194,-15.8457,12.4144,15.3271,5.5166,12.7444,7.6717,15.6265,-8.9356,-9.7368,28.1948,7.0676,32.1837
4.9617,-17.7115,-3.1947,-10.9953,1.5638,-10.2525,18.665,-22.4233,6.3439,-1.3774,0.7755,-12.0186,-11.2771,5.0896,-3.5815,-16.2796,10.575,-6.5887,11.2351,6.0139,-4.2733,5.9458,6.2153,-2.2776,-11.3122,-4.2591,-9.0207,-6.3606,3.5051,-9.0131,3.653,-6.0584,4.4688,5.3089,23.8213,3.5662,-17.0394,-1.618,23.3233,-16.299
5.1391,-15.675,5.872,-22.1803,1.7051,-17.1492,-14.1213,-4.9032,0.3789,8.2084,0.2327,8.7504,-1.1573,-20.1298,2.4909,-4.7166,-14.1302,7.6451,-5.7228,6.2542,4.8963,2.9757,-1.5628,2.6172,-6.2977,-4.9997,-13.0158,-13.9857,5.8661,0.3385,-7.1969,-1.0206,2.5354,-12.1773,-8.6464,-19.0923,-3.2733,10.0083,20.7027,2.6556
-15.2222,18.3683,-7.5823,3.8392,18.3561,-7.157,10.1985,-12.426,-15.6886,-7.1579,4.1854,-12.9216,-13.6932,3.9918,8.0067,-4.7435,-11.219,-13.7327,10.1964,5.505,3.0077,8.9484,1.8611,-14.2866,10.0691,-9.7219,-19.858,-19.7159,-15.0054,-40.5284,-10.6907,-3.5242,11.6749,-8.2515,-8.7189,-0.1754,7.3124,12.4756,0.66,6.509
14.9315,-2.0983,-9.2624,-18.8472,7.5812,6.9925,-13.1334,-16.0807,9.7009,0.5491,-2.8482,-18.1676,-16.8538,-14.2205,-24.162,-4.9952,-11.1303,-1.7008,-12.3838,-10.1971,-4.046,-4.4478,5.4247,-28.4727,-5.0869,-19.6863,-3.8373,4.3934,19.5439,-7.246,-0.2135,-3.4905,6.4358,5.2896,-6.8229,-27.1927,-2.1771,-10.3723,4.1677,-0.0812
-7.3073,-8.1193,-9.8094,-15.754,0.4131,3.3043,11.1894,-15.2792,-0.1453,23.0024,-12.5799,-1.9088,-16.1363,-0.367,5.5046,-9.3434,-8.4275,-31.5976,-3.4395,16.9897,-12.4869,0.8861,-17.987,6.8631,-17.9407,-16.3644,2.6953,7.8937,5.2887,-11.6863,-13.9749,-6.8069,-10.8083,-10.3872,-28.837,-4.2182,7.4927,0.0096,-16.2788,-3.454
-12.4379,16.2293,-6.6803,-0.2716,21.5143,-3.5935,15.47,2.8203,-8.7843,-9.105,-20.6351,-19.3729,9.2199,-18.6888,14.636,1.5976,3.1495,3.9651,-11.3571,0.3841,-9.3318,-14.1868,5.422,-4.6109,-12.9569,-20.6344,-27.0141,-14.2484,-14.4187,1.5177,-16.6862,-11.9302,-18.6561,-2.7786,-6.575,-9.5434,-2.9798,-15.3889,-22.8103,-8.669
3.0824,0.5621,-13.6233,-0.7004,13.6207,-18.3224,-12.523,0.0032,-20.4097,0.9228,7.4829,-2.7746,-1.2188,-6.4604,-8.6932,5.2841,-8.1755,-0.7223,-2.5163,2.454,-0.7331,-1.9347,-6.4103,-6.5754,-1.0298,-2.661,-26.9982,1.6585,-14.0281,-5.0626,-7.8486,0.0741,10.2313,-0.6652,-20.52,13.0046,-1.8339,7.2892,-9.091,4.9859
-3.8983,-28.9067,-15.4993,-15.2046,6.6659,14.2628,-3.0056,-23.0094,4.6951,-4.2076,-22.9422,-4.888,-14.774,4.7195,-25.1826,14.186,-0.7898,2.3294,-2.5663,2.7919,-17.9742,21.6986,10.1355,-9.996,-0.5438,16.0666,-4.7885,5.1823,4.5688,-19.2077,-3.2451,3.0848,-17.4042,-15.2013,42.0714,1.8294,-18.0749,-6.3354,-3.6597,-12.2023
-4.7052,15.8334,12.2349,-12.5876,-8.442,9.4707,5.4826,-0.1694,-8.6256,-10.8869,-12.9614,6.9728,-17.0039,6.5217,-18.4269,-13.9279,-27.3449,3.0216,15.5129,-24.7741,-25.9058,-4.6631,-19.3859,-0.8108,-10.9962,7.8358,5.5049,-17.7455,-19.6614,-26.9928,-18.2198,-15.0767,-18.3728,0.4722,1.9341,-15.3324,-8.3129,-8.2643,-23.8828,19.1565
6.0245,3.4447,-10.8057,-15.7033,-19.6271,9.314,-3.4156,-18.0359,-13.7829,4.0733,-14.5324,-9.9497,-25.4833,8.1044,-5.7495,2.0812,21.8079,5.3972,-5.3377,-12.164,25.7239,-0.3438,21.6104,55.596,-17.6355,-27.2717,-4.5894,-26.5464,-7.5322,-4.1118,26.0866,-18.577,-26.8123,-3.4727,4.646,-19.481,-7.1009,6.4454,-8.1421,-20.5056
6.7807,9.7869,10.1418,-13.8666,-17.5744,1.7985,-19.773,-3.862,-19.7037,-12.6864,-6.5347,-11.8994,-17.3662,-22.1614,23.5677,-5.1593,-7.088,-12.4992,-7.3704,25.431,5.4463,9.1465,-8.9557,29.2811,-10.7118,-0.835,11.1503,-2.424,28.8223,13.8918,11.4457,2.8489,-26.6012,-7.7105,-18.7681,27.9527,-18.3882,-17.6118,-8.5888,24.2361
-0.088,-7.5585,-8.5259,-13.1426,-1.6146,-0.3198,-7.5869,-2.8524,-0.1347,-18.432,9.1002,0.5233,25.5713,6.4744,4.7135,10.223,9.46,6.639,1.558,5.3854,9.6183,24.295,7.9035,23.1991,-0.0592,-28.8348,5.7015,-9.3396,-28.6449,6.907,2.9695,30.8479,-18.9077,3.1034,-11.2979,4.188,5.814,-26.6862,-2.4644,-22.8105
-15.6626,-5.2959,0.3694,14.6565,11.3865,-7.1571,-29.0667,-11.3079,0.391,-16.9667,-19.237,-6.1165,-2.796,-3.8779,-7.763,-17.929,-38.7072,5.8909,-6.2139,-0.6781,6.4152,-2.8369,17.6707,2.8471,-8.9294,-4.0324,-8.8627,22.3725,-7.8402,-6.5168,0.8138,22.2058,-12.8088,-11.4621,-10.5008,-19.1212,-3.8026,19.1902,-8.0949,6.3845
-9.1511,5.7819,21.7183,4.0254,-19.6297,-10.3433,13.2602,5.3292,-17.1201,1.5924,-10.2803,-18.8672,-31.2965,-20.0969,-0.2892,-23.5429,3.4399,-23.2008,-21.4398,-0.6245,-0.4909,47.3874,-22.7488,7.5823,4.8391,21.2269,-34.7773,-2.0346,-6.7126,-11.5135,-22.2925,-9.1091,3.1718,12.6735,19.2685,1.5307,-8.5308,4.3794,-7.4356,-13.9281
-8.2018,-3.279,8.4336,-18.9857,4.6718,-2.67,-7.0106,3.1208,11.4045,-14.9822,-13.952,2.2808,15.288,-20.3622,-3.7302,21.5052,-11.011,17.4464,29.8826,37.7679,13.7937,-8.363,-13.2445,-7.3694,6.234,-4.0204,22.8175,-8.8091,-48.2668,4.025,3.8523,11.1703,7.2828,31.4252,-9.4166,6.5914,10.0998,-0.5656,10.747,5.3157
33.1214,-9.4476,7.9126,-15.062,-7.853,-14.6739,-8.7745,-0.2262,-12.0252,-5.5,-4.8608,-36.5358,12.0394,-8.9805,-23.8578,-15.6152,15.3027,16.5452,-9.9045,22.9101,5.3087,23.3867,8.3317,-9.6177,14.8691,1.6731,-15.6839,18.1832,-15.38,15.1902,-17.8865,1.8369,-6.7104,-6.8837,3.3024,3.9113,-2.0946,8.1957,-13.8374,41.1656
8.3405,-24.0768,7.7873,-20.674,7.6173,13.6264,-10.5052,-14.0398,0.7628,-10.6291,13.7616,-6.5668,-13.7496,-1.3673,-20.8391,23.6352,21.2324,-8.6805,-12.0168,-8.6956,-1.1005,15.8223,32.646,5.8007,17.1649,0.8141,12.5149,-7.6207,-25.1455,5.2003,-12.231,-6.6574,5.9869,-12.9189,16.7155,0.2423,8.2755,4.3103,-13.11,-13.1876
-6.1457,2.78,-1.8592,-13.4626,-1.9825,1.5437,-22.7332,-16.8203,7.0845,10.0866,-16.4023,-6.9658,-10.243,21.2473,-15.1742,7.7611,3.3302,-21.7763,6.3241,-11.9435,-2.9359,-6.4182,11.7987,-8.0337,-7.9683,2.5093,-2.3838,-6.2007,-5.6376,4.4278,-1.0989,-21.3016,-17.1137,-25.8691,-10.2624,-10.3884,-15.205,-5.4706,-9.1174,-7.9717
-9.9485,1.4017,1.6341,-13.3444,5.0146,-10.9401,10.7641,-8.5204,0.5142,0.9337,4.9922,11.7083,-1.6389,-8.776,-3.437,11.403,-2.2356,0.4347,-23.1702,13.8992,-0.0064,7.5702,1.6548,-10.9714,5.0997,5.4644,11.593,-10.8374,-14.8961,-6.2281,-10.8205,-18.8396,-1.1856,2.133,1.6524,-13.2229,-17.9143,-14.8623,-10.9477,-13.5501
-6.218,31.8465,5.863,-7.4963,-1.1657,-16.0118,-2.2867,10.1907,16.8098,13.0022,-10.9514,1.833,-5.5652,-11.9063,17.4935,11.6057,-13.6093,-13.4192,-8.8554,5.6959,-14.7675,-8.8492,6.5676,-9.1813,-14.6663,23.3474,-14.5586,-21.7092,-5.0193,14.8796,-21.2732,-1.8657,6.8756,10.3673,6.0674,31.3229,-11.0495,-11.3496,-3.0043,9.165
10.8678,5.91,6.0917,0.6853,-9.9199,7.9302,-4.8321,-16.2024,-2.5003,-14.8384,-15.9573,0.0757,6.1172,-0.8168,-9.3572,-12.0131,-20.1156,9.9285,-12.5077,13.4072,-5.3936,17.9625,11.7582,-7.5679,-13.5562,-10.3039,3.8701,2.1543,-11.3443,-6.1389,-16.3132,4.2596,6.1782,-9.8351,13.6184,10.684,-27.2375,-13.9464,-7.3673,-7.8422
-8.6986,1.5812,9.3705,-11.1568,7.8729,10.5654,-0.9022,-15.2109,-7.395,-5.6724,-21.8494,-5.2682,-15.9446,13.0184,-1.3945,0.6167,-5.0993,2.7239,-13.8198,-14.4591,-0.3434,12.4579,-2.979,-6.7768,-10.614,5.4496,-13.2014,10.1929,-18.1205,-16.4418,-19.9483,-13.2563,-9.391,-5.9376,12.9531,0.9844,-17.9953,-3.4448,14.7693,-1.9217
-7.9125,4.24,1.6532,11.9092,-24.3219,-0.1789,1.2046,-15.0944,-7.6997,-0.377,-7.3732,20.7898,-7.4687,7.5023,-23.1789,-12.8541,-7.8344,3.5402,-20.758,-14.8021,-15.9547,5.2807,-7.2177,-6.4434,-1.8552,0.6382,-2.6663,-8.1782,0.5633,-6.6685,-9.7296,0.9404,11.2111,22.1506,-13.5269,4.0288,-18.8175,-2.2508,-0.7721,15.0772
-2.5716,-1.998,-16.3597,-1.919,2.2425,-16.9237,-27.4203,-12.66,-0.7226,-20.8011,13.5425,49.0261,12.3746,-16.8907,-19.9491,-7.199,-0.9796,-3.9933,-6.9096,-1.6982,-1.5932,-8.0034,21.0803,-6.689,-13.0491,1.5391,3.2808,4.0303,-16.3632,15.4205,-13.7836,-18.9454,-33.3308,12.8013,-16.334,-4.8826,0.5858,-1.5016,0.3933,-4.6025
8.7712,-29.0226,-20.4021,6.5851,0.1872,-20.0092,3.3919,7.2273,10.4303,-11.8709,-13.7001,-18.0405,-16.3541,-2.0835,-21.8423,11.2635,5.0342,-7.1251,-6.0346,24.6265,-25.8098,1.3702,11.8674,0.0692,-12.6505,-3.4055,10.9669,4.7107,-3.9597,-8.4058,0.0672,-10.6057,-12.7459,-21.9274,13.0814,8.8251,-1.2294,18.9132,0.3513,-4.2145
21.0564,-16.3812,-13.5688,-11.0382,15.5957,-15.2065,-9.5723,5.2235,-4.0138,21.9193,-1.2749,-17.0748,15.5866,25.4348,-1.8034,5.856,-20.0065,19.0641,1.3778,6.4901,-5.7399,17.1875,-21.2747,18.8862,8.417,-2.232,3.2803,-0.2335,-7.9524,0.3929,-2.4969,12.9915,-4.7269,-11.7066,-6.5706,-12.9335,-10.3682,8.4741,-21.878,1.4484
1.3768,-13.4635,13.1679,15.7741,40.8337,8.8377,-17.9983,11.1685,-9.0726,2.6999,31.6711,-15.3783,14.6913,16.8715,5.7079,-12.512,-8.1224,-20.3937,-10.9438,13.9572,10.215,11.8856,-5.9318,8.605,-9.4914,-5.8991,9.1651,-18.2552,11.4014,-1.9715,-6.1662,1.2438,-8.7481,-11.6856,-9.3399,-19.1552,5.4171,10.8771,8.5375,-14.4996
16.1646,-10.983,5.9722,34.7656,-3.749,24.299,33.4991,-19.3509,-2.9029,-23.7688,-2.2871,-9.5055,-3.1764,-11.4587,-13.0984,-12.3824,-13.6357,22.8693,-1.7653,-1.9433,-5.9958,17.2999,-11.0663,-0.9592,-27.299,-18.1731,29.645,-6.2298,-4.8612,-16.8563,-12.4977,8.9309,-19.1092,-26.819,-8.5898,-12.9297,-6.3275,13.3052,9.559,3.1364
14.1108,11.5095,-15.694,-2.025,-12.4413,0.3565,-4.4538,-19.2023,-0.3866,22.6218,8.7133,11.2675,-9.7131,-21.5689,-10.7357,6.1835,-5.7787,-3.6729,4.1751,3.7206,-20.2161,7.9404,12.4647,-2.9544,12.4,-11.0491,-4.5462,13.2972,-26.9722,4.8703,-6.6864,-7.0769,10.7166,-38.662,-0.3542,21.397,-24.3598,3.8836,1.7189,19.4185
10.4987,8.5666,7.5322,-17.1973,40.6853,-12.6471,53.1152,5.7952,-8.1446,-3.9281,-1.2877,8.0108,-15.4881,4.3708,0.7126,10.4995,-25.7678,-1.1723,-16.7711,-14.8101,12.702,11.1242,4.0336,-15.91,20.5202,21.117,-1.2752,-14.0696,15.6807,-8.959,20.3837,-11.5801,-3.2749,-5.4995,-11.1644,-20.0429,6.7333,8.6429,-17.0039,-5.5873
-1.1258,-2.177,0.9937,-17.8291,1.711,1.1554,11.0221,-12.9557,-5.676,0.2933,-20.3391,-5.2295,-9.8275,6.8336,-27.1559,3.1939,13.2292,-0.3269,-21.5305,26.2016,25.9645,-6.4952,25.1869,-13.5529,12.5455,4.0046,19.3549,23.8552,9.4761,-4.6523,21.0578,-22.2982,14.9946,-1.3386,3.6762,-0.7865,-17.2686,-30.376,-16.5584,-8.2948
-13.4431,7.8398,7.9735,-2.0942,-1.2089,29.0502,-5.7823,2.7966,9.7569,-32.9091,-17.6412,9.1057,13.5717,-11.5876,12.8244,12.5377,-17.4654,-5.915,-11.6764,28.6079,7.3609,-2.0095,-2.7237,-18.1806,-3.525,16.3139,26.294,-15.296,3.3225,-3.277,-23.8832,-10.6451,-16.2767,-6.3133,-14.2287,-2.4311,-12.0869,28.7116,-9.9419,-11.5266
-5.9939,-18.5527,-18.8082,-23.3002,-7.4846,-7.3109,8.7711,-27.2719,-8.959,1.4781,9.3727,-4.2592,-0.8656,9.5891,-5.3237,-7.2296,8.4883,-3.4158,17.2429,8.0698,21.89,1.1968,9.6345,-23.4755,3.8717,-8.941,19.6701,-11.3769,-26.1109,12.118,24.4468,-6.7824,-0.2893,-20.0764,-1.9908,18.402,-15.5284,-11.7929,-2.212,25.9154
-11.067,-23.4191,3.7839,-7.0646,5.2022,12.8223,16.6522,0.8442,3.294,9.0362,3.8061,4.6502,24.5685,1.0308,-7.7356,3.3,-22.1433,1.0567,-0.6732,7.8924,16.7284,62.4562,30.4848,12.3902,-16.4866,16.6381,2.2019,17.4781,17.4939,-5.9202,-8.7905,39.7035,-1.923,-3.9958,14.2262,11.8654,13.5046,18.2429,11.9542,34.123
21.7584,0.791,-2.8177,-18.4197,11.4646,-14.6901,23.0638,-12.4604,-33.6933,16.4658,27.9795,7.3269,15.1771,12.7029,-2.9736,13.6107,-1.4389,-3.55,-14.02,22.2955,-12.5843,22.062,-1.0845,0.8417,-13.988,-13.4122,14.5499,34.5655,-20.2046,33.8693,34.9196,1.5412,1.6909,-5.2197,-14.3584,14.9928,-12.6208,-15.5732,13.0268,15.7076
-2.3949,-23.0081,1.9213,-15.2579,18.2735,-7.9418,24.7236,-7.7124,-3.2482,4.9002,8.0274,9.8441,8.0786,13.8615,-14.347,33.6141,-22.3692,18.9356,4.5285,21.0381,28.681,-10.7308,15.2406,24.3037,7.5555,7.5727,-15.279,0.6671,7.3236,0.8221,2.3198,16.311,12.0354,7.7094,37.762,19.1685,11.2144,-0.8849,-20.5465,0.0975
-9.5609,1.8051,-22.984,-1.1704,-1.2331,-1.3025,1.5279,12.6678,-16.5596,12.2964,-7.7096,-10.0007,6.7254,4.6747,-10.992,-13.2373,-26.371,17.2816,3.518,-3.411,-7.0945,18.8093,16.3442,50.8292,2.7947,32.9187,14.62,52.4935,25.1039,8.5243,42.9587,3.6671,14.1757,-8.9509,5.2771,8.7421,0.8338,11.8388,1.711,-19.5045
1.4082,50.358,1.0033,29.2502,-3.9163,-10.5871,-6.6522,-5.7256,30.7324,5.4506,-27.6163,16.8487,-10.1339,15.2476,0.5207,37.7506,-7.4522,9.4878,-24.9145,3.0237,41.702,10.7925,-10.2867,22.8793,-5.2769,40.015,-7.727,18.9114,2.2914,-1.8219,-23.3096,55.7959,-0.7002,11.7736,21.3311,-6.991,19.325,-1.8154,17.2345,-20.1735
-7.597,4.6701,11.5519,-11.4858,-8.6347,-23.7736,-2.6275,-37.3088,-6.4854,45.9946,22.2994,9.1537,5.7442,2.4995,38.7253,14.8105,-7.3006,12.0383,10.9425,45.7639,-6.7395,39.3448,24.9697,12.6421,-35.1046,16.9629,28.6988,-2.4008,-19.8632,13.6836,25.5498,34.5905,-23.0784,-20.5187,9.787,-2.208,-6.7045,-2.4014,0.8626,16.563
13.2576,4.9356,-16.3896,23.7807,-2.5781,13.6665,-42.0717,-0.8062,2.5559,-2.9716,28.7107,-21.4099,13.9375,-18.0144,-19.1951,16.8672,20.1308,0.6071,22.9596,13.7832,18.256,4.0388,14.76,-25.7831,-5.2724,19.1113,-17.5367,-1.9571,22.7603,-15.0378,-8.7781,15.9522,-4.1792,29.5598,-34.9039,-2.0795,33.8916,-0.1434,-23.3046,12.7666
-4.9521,5.7858,32.3979,-20.2271,-21.8073,-12.6803,-0.8274,-18.0256,-7.5191,-8.4327,-2.6046,-0.8911,19.7721,27.6741,11.9235,-3.7379,22.8077,-15.4491,-0.2372,15.7536,-8.7604,11.0482,-13.4787,32.7743,-18.8274,-2.8577,-23.6478,9.9843,17.2234,-3.8168,46.8348,-5.4392,9.4828,-2.7987,27.237,38.2725,35.3841,39.9482,-7.3732,24.7458
-1.5074,19.97,-8.108,17.5953,36.2522,21.6382,6.6661,-18.8016,39.6021,-5.2035,25.2795,-0.4891,19.0199,17.7431,-3.641,17.8477,-9.0688,3.6162,-26.3443,43.4973,38.2271,30.9557,9.7269,14.8728,24.5764,2.5295,39.032,-2.7267,-11.7891,-1.3901,-13.0587,-18.8983,-46.7306,8.5624,21.9282,-1.175,-25.6343,69.448,27.54,-35.5488
38.3784,21.7836,9.5786,15.7551,-31.0005,21.3543,2.3478,2.9247,-24.3719,0.4745,30.9886,-5.1821,5.9776,-38.988,26.567,20.5217,-24.0719,19.6686,-49.7465,-1.7383,4.0214,20.9509,17.2561,22.3441,-9.3519,-0.7471,-5.6174,26.2792,-18.1645,-10.1998,49.1132,-9.3332,-30.4944,2.824,-9.2225,2.0503,-15.1941,8.9895,11.1892,13.7495
-9.8825,20.8221,-7.5308,-6.3022,8.796,-10.6636,-11.648,40.7602,-13.3718,12.7847,-7.3867,18.1297,21.737,18.4341,50.7338,-7.2274,-13.3021,-17.8731,-1.6165,10.6994,-2.98,17.08,-27.7708,-2.8962,-16.5652,-15.8787,28.0635,-18.6974,13.1699,-17.6408,3.0893,29.6629,19.6494,1.6803,-11.4642,41.4061,30.9741,15.4308,29.6949,37.1755
-5.0243,-2.2449,-23.9918,-2.8065,10.5369,-15.2929,-53.6268,-17.817,-16.5768,-1.6947,-7.3473,-18.4986,20.7984,-5.9466,-36.4746,-18.4687,-16.1207,6.9461,-17.3707,51.8997,-28.4169,10.2964,-25.3318,-7.0935,24.1564,15.1016,-28.6177,68.8124,39.091,7.301,22.4917,30.7764,8.1537,-8.2047,-21.4052,-2.1441,24.9624,2.4709,-14.4884,0.9107
30.7397,7.8401,48.3213,28.6886,6.0273,9.7162,-5.0559,-17.8491,0.5037,10.8035,-26.5821,-4.1759,-18.5146,-3.235,-9.9735,15.9182,9.9307,-13.5381,-5.459,46.6458,19.731,8.1649,38.2906,-18.2168,-36.6774,5.4394,29.9602,19.9987,21.4906,-3.9579,4.2925,-12.5198,31.158,10.3306,49.9031,15.0984,9.9606,82.689,-1.2565,0.0393
27.8069,-14.829,29.8849,-13.0673,-14.8237,35.1101,3.4552,10.0395,4.5357,-17.4987,-18.7746,50.7869,-6.4794,-28.9638,45.8789,11.7302,38.6999,9.3991,6.4392,17.0461,-8.7141,49.5757,32.91,-12.3141,-26.2111,0.6886,60.6434,-30.9183,-33.2214,24.5911,-29.6412,-3.4575,11.9441,-2.709,-10.077,32.0772,-12.5703,19.4561,39.6586,13.0956
-10.1964,-8.5024,-12.5829,25.2413,-3.5376,-11.4307,2.9586,-11.717,16.0962,17.7905,-6.5167,-0.2095,-11.3014,-29.0687,27.286,-15.9911,-19.4038,-12.1096,-26.7235,39.9233,12.9897,49.449,27.7016,-26.2121,14.5618,-5.5552,32.5624,-7.9637,28.801,-18.9443,41.4222,73.5652,13.7128,-16.9397,75.5496,-22.9139,-14.6109,13.5353,23.8219,115.7075
-0.1169,7.6786,29.4661,-21.261,-13.0519,2.7997,26.4066,-11.1427,41.3096,8.3352,-5.6167,-9.7423,1.3279,12.8001,3.4291,-16.4208,-15.9149,10.9558,6.393,37.3526,41.3842,26.5594,-4.3161,15.0287,13.6321,44.1559,-0.1578,15.4605,36.049,22.4873,-0.8977,-15.392,52.087,24.6771,-7.6115,-3.7509,-9.803,-9.4853,-1.0105,-24.3538
15.5432,17.718,11.3612,4.9263,-27.3025,-20.3432,-11.1481,58.5029,6.7379,24.0264,-3.9924,-20.8637,77.1997,-24.2215,19.27,-9.3832,-23.6547,-6.168,1.4454,12.9149,-0.6985,-0.0562,-13.8522,1.6686,-9.5102,35.0411,30.429,-17.7791,0.5401,8.9918,17.0101,3.539,-5.3496,94.0255,12.471,-25.8691,-17.6338,31.7034,-1.4274,2.1703
25.8533,15.5701,-7.8251,17.9622,0.4555,55.8884,18.3133,59.5413,-6.4901,6.1643,9.3189,-23.9302,25.1318,5.7664,-19.6224,-0.0581,22.9934,11.0376,5.613,24.9041,12.434,1.0584,-9.8801,2.4088,14.4279,30.971,-14.2953,-6.2209,64.658,3.735,-18.7114,43.448,21.9704,10.8095,9.446,47.2661,-9.6874,-3.8714,35.2798,37.9223
-46.0131,16.0942,2.8538,-14.6509,8.7816,24.6414,-17.8726,0.0474,14.2303,11.9251,61.1699,-8.5023,13.6276,8.0138,-6.8107,-1.2351,24.8547,-16.5307,3.5671,6.8542,-7.203,104.8009,-24.4007,5.9733,-7.8671,37.6929,-38.9296,-11.8104,-15.6617,-20.4578,3.5145,14.7161,12.7868,27.5943,41.702,20.0961,32.888,21.0272,21.179,21.4631
9.5882,7.2009,14.6313,-7.839,37.1981,-37.4048,-15.8636,4.5002,2.944,-15.5771,9.2386,1.2497,-6.3016,16.5859,-40.5349,7.2536,-8.4851,-1.4517,9.6586,6.0055,0.121,9.1368,25.6144,-30.0946,-1.9673,-4.4094,24.5054,18.6412,-5.3714,20.0904,5.322,47.1325,28.5048,23.9456,-22.537,-4.3435,-19.0633,45.5509,-7.6675,65.7199
41.3861,5.5348,-28.0061,-19.006,28.6167,-9.5921,-17.1684,-29.1971,-41.9852,59.7259,-8.8811,-14.2554,-13.4668,37.1659,-33.7565,2.9297,-10.8942,-12.6767,-32.2812,25.6605,17.4814,31.3032,-14.9215,12.3612,-4.1326,-23.1834,-34.9435,-13.2576,24.5,55.9855,3.087,21.6537,-46.8205,-1.8443,24.1755,35.2263,5.5911,68.9451,19.7571,-11.6339
-17.9684,30.3426,2.5217,55.2279,32.5637,14.8202,3.2366,73.1095,30.5215,-0.5099,19.6509,62.0844,-24.4662,2.7868,8.9006,-10.469,2.1389,-3.6504,-1.7399,25.0107,31.7725,2.6889,-7.6586,-12.9756,4.2797,36.2438,11.7017,18.5208,18.7687,-5.5055,-16.6449,-12.2264,-9.3418,-8.6042,-8.7591,-33.5275,43.0795,37.8629,-12.5007,-8.9756
10.1556,15.8427,-13.3817,-8.1253,6.4623,-26.2839,43.553,3.6601,22.1563,-9.4527,-7.4013,2.4765,6.7518,-10.8856,23.9426,24.8768,33.4814,-29.8711,44.6095,10.7866,29.6276,12.5782,-14.5259,38.6348,-42.8723,-11.7429,0.3935,1.8108,-14.847,37.1145,33.2506,33.4102,10.711,1.0113,-23.9362,-5.6109,38.3189,26.3194,8.9717,11.7007
-34.3365,22.8966,8.1882,33.2154,-9.8792,-37.2348,55.3419,-42.2231,41.2053,9.0044,90.285,13.3209,-14.3171,6.6659,-2.0524,73.6486,36.6531,-10.1409,-26.6036,12.5998,94.9627,1.144,54.9915,11.1721,6.6707,60.058,-13.1129,31.7799,-7.441,42.7685,-45.1651,-24.4882,-12.9479,-2.7324,14.5171,-9.8527,-19.6466,52.757,63.9658,10.8109
-28.5927,5.3939,52.1232,-13.9706,-20.9605,50.5536,21.3448,-4.9626,-2.1908,-2.2451,7.4983,-18.9116,-16.0826,7.2965,-18.2716,-45.5725,21.5116,45.9435,18.6054,49.9004,12.2079,-12.4785,-41.2379,70.6055,40.0545,-13.3581,-53.7438,42.0766,2.4404,-7.4525,9.7423,17.0866,3.6372,16.7322,59.1333,-9.0688,1.1773,10.2746,7.445,50.0816
2.1771,15.8757,88.9985,11.9632,18.3049,30.9665,23.6498,7.3111,-5.1932,36.5349,29.0726,4.2673,4.6996,15.3051,13.2385,-12.5218,-19.7749,22.669,68.3767,11.0863,-12.6842,72.6552,50.8357,5.502,74.955,22.9868,2.1199,-25.4497,-19.2549,35.6888,4.3106,-17.7203,6.7827,-26.0405,-6.1159,-2.1689,7.4006,28.2046,7.6673,-14.7071
-20.4503,71.8079,2.3748,33.8114,37.2889,39.24,2.3588,24.0044,29.8015,17.9222,70.1708,-30.4739,23.4447,-14.3252,-48.9266,61.2555,-14.7788,-31.8015,62.0202,48.8818,-41.2597,-0.3233,31.2529,-19.4169,34.6565,11.6467,-29.2571,12.7779,39.7112,24.2366,-0.9614,7.9317,-1.4567,1.4775,45.7368,24.2869,-0.7723,10.6784,-0.6203,17.6266
43.047,-18.9411,78.4905,14.5132,43.1989,-7.2627,80.559,12.5727,18.3189,-2.9524,-13.7669,37.0139,8.4762,-54.8465,11.7632,27.4184,9.317,-8.629,-0.9787,-15.156,23.51,8.8014,-32.4804,-2.7158,-17.7258,-11.4866,8.9126,22.9132,-13.2015,12.8029,-15.0054,2.6933,75.8872,-9.756,30.0591,6.0394,17.8643,-3.44,40.4849,-28.3704
-17.7905,10.1867,50.7064,31.3331,-18.5032,-12.5522,37.6537,-2.2335,-0.0971,-1.9756,-27.4845,-1.2249,-53.7203,72.7211,15.8648,8.4877,21.7641,-3.8791,-32.9283,15.432,-14.1835,41.1731,-24.4583,2.2727,50.406,-34.9871,27.4092,-26.0627,-58.1564,-32.0105,-26.0793,21.7016,34.556,18.7425,4.2878,8.0945,39.3694,41.9895,42.0076,35.5
9.0791,26.8039,-4.7281,-3.4773,21.9949,-44.0371,40.0803,-16.6067,-4.611,-19.0631,32.667,-12.4042,-48.3416,43.8152,-22.9644,42.9029,-21.9015,-21.3167,7.9678,77.5203,62.173,21.2788,50.9363,25.5487,60.7373,75.657,8.2029,-5.1258,10.4689,-40.6618,21.7504,14.0238,41.0919,69.2494,44.3581,-32.2254,47.1217,57.214,-41.5644,24.0005
-6.0132,7.1548,-27.6874,-43.2953,-27.4313,-4.7235,-26.2888,64.3727,-1.8434,-18.5895,-9.9582,21.2878,4.161,4.9211,-28.072,31.3556,-17.1187,-13.3749,39.2749,-14.4853,25.551,-24.8756,-16.08,37.3988,23.2834,6.6824,80.8219,17.3888,34.4399,-8.5612,27.9748,22.1142,108.2899,-5.2776,104.4242,12.8285,-27.954,-18.9205,32.6687,-25.6869
69.0653,36.1523,-4.3895,-27.2492,33.7078,40.9012,-16.2753,-9.4299,-29.1758,-17.3891,-24.1899,44.9553,33.4171,-13.722,-41.7903,-21.5641,-37.3341,136.0002,57.9539,-19.9127,-9.11,-19.6661,51.34,16.5502,-11.9498,19.5416,-18.0489,-5.6747,9.2128,37.2956,36.0497,-41.8736,-3.457,1.4746,6.8453,27.4914,-24.6079,18.1683,-39.5299,-41.5179
79.5908,29.748,31.6623,19.5527,38.2766,52.519,-30.4726,-5.5919,-6.9478,16.862,3.6912,-8.0698,21.8846,6.6153,16.57,25.0022,-26.6899,-5.9961,-1.5807,15.1241,10.1562,6.2713,101.2352,-6.9829,12.7519,-3.9112,-16.2324,20.5377,42.3741,11.6701,58.8221,-20.7397,65.784,40.2712,-46.1199,35.9166,-5.332,-0.6056,2.3383,78.2473
22.1826,-26.4759,-10.5638,-43.9469,87.9974,-12.2449,10.1028,8.9845,33.1312,-43.2048,48.8512,-55.0934,1.1824,42.8432,-20.7446,-15.6718,12.0808,-5.0313,-28.0819,-12.0289,-9.1688,20.6319,59.7207,-10.6449,-2.9645,0.3574,269.3639,35.1533,-19.1954,0.339,40.9948,8.076,53.9891,34.1805,-10.89,14.5125,59.8953,6.5325,44.0492,-22.1325
-31.657,56.8222,-14.1889,3.3446,17.248,45.1679,13.1826,17.7253,-7.6841,-30.7735,-24.0952,-17.836,-1.2572,-9.8449,67.2599,10.1864,-8.82,11.4343,-20.742,46.8063,24.2639,0.2745,41.78,-5.8853,-5.7093,105.6344,-11.2408,104.5581,6.6043,-2.6317,-16.7973,48.3314,-10.4999,-13.6422,1.3676,82.3329,86.4369,-15.5316,6.6749,3.0185
7.4636,4.6183,44.6968,18.2645,-3.6191,27.4341,-11.7802,65.3628,-30.2896,16.1506,41.4287,-32.5268,-28.4336,23.7916,-35.7734,-10.0007,162.4916,5.2116,4.5141,-1.3522,-10.4653,-22.4191,4.2952,10.6192,6.2938,12.0803,-32.8092,92.4658,-17.7142,-0.8817,-20.4884,9.5037,-1.6973,4.5957,41.5369,3.5217,161.514,21.7652,37.371,-12.2234
12.496,-6.7108,79.091,71.4778,-19.0977,-9.5163,4.5998,-36.4788,29.7902,151.2787,-17.3028,-2.1324,8.9099,53.2426,-14.9059,50.0727,-8.0162,28.1755,3.9636,-3.834,63.3876,101.0607,-11.3414,165.9657,95.7594,21.5418,-40.6689,-42.2295,-39.7456,-31.7777,2.4751,18.2932,45.668,-15.489,2.7208,132.2592,1.8604,10.2911,-14.2108,16.9233
6.9354,45.7135,50.8422,78.6059,71.9993,56.8871,50.0567,4.6206,-18.91,71.7165,-0.8955,8.1038,58.8701,-2.8832,11.2281,45.8018,-23.7488,103.1814,10.1706,90.7464,44.1278,4.1796,-22.4235,-36.5925,7.6777,15.7401,4.7644,45.6839,37.3636,3.6414,37.9252,-45.2563,-13.5895,68.0438,29.3972,-19.1206,-56.0975,-41.6025,77.4423,63.8519
7.352,20.3372,39.1517,-55.0004,3.5833,53.3266,5.2012,85.6602,138.3457,-24.7271,-41.806,-13.8698,-41.6282,51.8272,-11.5258,14.2853,73.3761,-3.4856,134.6696,-14.2313,-30.3566,72.9328,-29.6732,4.9666,13.8494,-27.9656,210.4898,20.4687,-15.4894,-12.5766,33.3324,56.3141,-28.708,-44.9857,111.3098,-26.2906,-4.4533,14.6505,-2.0232,-8.4538
15.127,8.8157,50.5632,-9.2667,54.4171,100.9768,67.636,-24.7165,16.1237,2.3691,-41.9707,2.1121,-3.3537,-18.0498,77.68,-13.2766,33.5731,-65.2126,81.9448,-25.4284,17.5329,4.6359,24.5618,-6.4265,21.9449,7.6853,28.7513,-46.3191,82.0551,147.1076,-39.4099,52.6679,-32.2076,55.3857,35.2824,37.4409,-10.7346,248.6453,-35.0772,-0.2672
33.8383,-36.8316,-31.1313,-9.3404,-16.6967,57.4049,8.5435,47.038,-13.0111,-3.2633,36.0376,25.1251,-19.9236,-38.1005,44.9853,111.7573,-23.0757,4.6712,59.1214,8.816,133.5805,10.601,60.5212,-6.8077,17.477,134.9571,10.6688,173.1313,3.1677,12.8702,156.679,67.6418,23.975,-30.0006,23.7487,0.0914,5.9309,-69.6973,104.7006,108.9235
-12.5198,8.8614,-19.769,-2.4668,-32.5614,-16.2299,-24.9809,-2.337,28.0274,-57.5457,9.1176,29.8488,55.3272,77.0636,33.2848,64.4143,89.7888,-6.6954,12.5111,-41.5066,-36.7685,-35.2591,-8.4634,-6.7026,6.0044,-25.9926,-36.3,-32.1628,27.3636,-15.92,-55.7246,9.1275,-61.3513,-32.4095,-5.9437,13.164,-22.0849,80.9801,40.8698,-51.5437
-17.8669,105.9669,25.0539,64.1298,38.5532,70.2358,-9.2252,115.3429,16.5796,1.0038,28.9233,10.3871,-17.904,16.4976,160.3564,3.8652,42.6233,94.3246,-24.1042,62.2322,-25.4176,10.9047,26.0259,23.3137,-28.2238,13.1725,-1.8459,199.5046,-33.8128,23.9627,103.9657,-2.1644,17.2091,58.4706,6.4467,8.5123,-71.1552,41.305,6.9715,64.7524
75.9011,3.0087,39.1849,-9.373,18.3648,38.1604,74.5338,-54.5504,12.9049,3.3998,-18.4535,6.5789,103.2713,-37.9842,13.9703,5.9384,-2.983,68.8179,-11.435,40.3892,144.9192,-12.8912,-23.7113,28.7513,17.9772,-37.1408,86.0813,-30.2416,36.1506,20.4208,54.7776,20.1934,98.033,95.6985,96.9787,228.7903,13.428,7.8847,16.7737,25.6803
19.8966,6.1144,83.2556,-32.5928,54.5773,17.9634,-22.5957,5.5382,17.9099,-20.8955,4.1369,29.8729,62.9264,34.5711,174.9318,1.5805,27.5252,24.5478,72.1109,-37.6248,3.8871,124.4892,44.1883,17.2227,-27.3676,55.8568,30.3178,52.4562,135.6177,8.9603,144.02,64.6586,12.2084,46.8896,169.5375,69.6088,-5.4567,73.426,-53.8926,14.1767
17.626,-36.3175,17.9192,3.5308,-53.8054,-21.0032,102.6717,52.7481,-16.079,-13.0684,-21.2513,18.3472,111.1639,-64.8746,-47.4293,41.4942,26.0359,56.08,-2.4571,54.3,34.4495,8.069,6.1464,-39.7886,111.1921,55.3385,2.3681,107.6695,-0.7055,53.8833,-63.1233,6.7444,-6.4564,-7.2681,-35.3266,46.6881,34.921,-5.8967,22.0069,10.3906
-10.4398,104.0819,-33.7811,87.3559,25.3554,76.6326,-22.6998,-40.1248,55.3962,25.6044,35.4923,-24.2532,67.3021,15.4409,-70.7973,130.5131,-49.6258,201.6008,-113.2359,12.4232,-2.647,53.5563,-5.0749,64.7332,-6.6221,-39.5269,46.1032,31.3076,-37.7387,3.7556,7.4614,-4.4818,22.4058,-78.3741,-36.5466,-31.6047,4.4634,27.1689,-37.1484,15.1934
12.8166,14.4226,-21.3007,59.6573,-38.7091,64.7535,128.0116,277.5204,71.6862,24.5359,3.6963,12.7295,-7.3218,4.0564,-10.3581,-61.1877,74.5186,-25.5955,18.3496,195.545,117.5005,3.0483,-29.4142,-30.2812,-10.1972,-45.5331,147.1675,-38.4171,-53.8062,66.0161,23.6389,-73.6277,-33.1177,768.6737,131.377,-31.7866,-14.7869,-87.787,46.9378,-36.2695
-16.2013,94.0317,-54.4453,22.2897,-64.3916,-41.1549,35.733,71.8834,1.466,80.0404,-23.7323,80.5599,28.5087,66.2055,-4.211,-49.8735,62.6699,-15.5901,631.9666,45.6554,-21.0815,-84.7734,33.3602,-5.2077,65.5812,73.8541,26.0469,-112.2801,49.3351,-16.1102,2.7619,-24.4288,-79.176,29.2629,31.2814,15.0016,-50.8917,-3.8563,-4.6229,49.7204
102.4077,100.8941,-44.7384,49.5041,-15.9601,-61.7739,64.7004,31.9226,9.2052,38.4275,20.101,24.8298,231.9164,-31.6615,-23.9446,8.4345,-52.6352,31.5671,26.5989,115.0997,152.1902,-1.2615,1.5134,-50.4716,-21.8922,96.2737,64.0068,21.1249,132.2493,-27.2194,496.6957,-35.4715,-34.2155,220.472,0.9688,-13.2708,-56.5127,69.3412,-79.8877,-18.6291
0.97,-4.1868,73.7299,37.9814,207.7092,-20.1804,3.8255,81.0625,62.2004,-14.8023,85.2776,2.3592,-45.7397,-35.4139,236.9738,18.2027,32.9725,-11.2846,-16.8052,-41.3054,-59.9811,296.8304,-9.6262,-21.4756,89.6502,-29.5073,84.6281,-10.2993,-30.704,186.9255,40.4238,-1.0355,-51.1371,62.5961,-1.6424,-24.2925,-43.9679,-15.751,39.0797,-92.6878
-19.7201,-6.2889,61.9272,-26.8122,-46.6179,4.7124,2.5236,11.2094,21.9364,73.9657,0.0784,1.6649,31.1402,-46.349,20.4251,-3.5788,21.4941,-67.8925,2.2927,-46.4082,40.8006,22.9673,-2.6252,-15.2918,15.5986,22.4885,112.2521,-50.6536,-8.0562,-4.4759,42.3533,-60.4462,-43.6344,228.1673,-95.956,7.5593,-54.8352,7.2022,-58.2962,91.23
-1.0438,57.1014,-57.2114,58.9943,43.5204,80.798,56.5662,0.015,23.4339,4.3501,-37.7896,13.9464,7.4249,36.5576,55.9581,64.0967,57.6804,44.2927,-19.3321,197.9218,-57.4796,53.0779,-57.522,-34.7599,-33.7329,70.3737,32.5351,32.0005,-19.0981,-46.1324,45.268,-34.4589,122.1873,43.373,-30.9695,157.7871,397.6302,-21.4344,96.8371,-15.1053
-22.5287,-16.6703,-42.8315,-8.9207,68.6114,90.3429,-7.4125,-11.1797,202.3762,66.5535,81.5919,2.6419,-23.8437,42.1475,12.6799,-3.0874,88.8464,92.9001,-9.4811,-43.3462,40.7588,-26.4717,2.8181,-45.6807,-8.9893,-34.9544,133.316,-5.0757,-46.3976,59.0071,49.1282,-52.2848,43.8656,-56.8479,-48.7617,-35.936,-83.8933,3.7141,-28.4378,-80.6391
-0.8478,-8.003,-29.7705,127.1197,104.4743,24.6802,88.6169,-0.5178,18.6305,-25.0915,94.3403,166.1552,75.9848,49.5388,-84.4226,8.9665,19.5777,39.8915,-8.8264,37.1122,177.4773,0.4425,92.2506,-21.8203,-60.2739,-38.2944,25.9119,-51.3475,13.2851,-18.3156,37.658,-84.0414,50.3561,28.5437,108.2263,298.6574,6.4283,-34.1911,29.6881,-13.8172
-65.309,17.5216,2.2536,24.446,46.8656,-11.3732,-42.9986,0.4192,-26.3432,-58.8652,38.9503,10.6081,-23.8069,58.9547,98.1632,-24.1641,8.2514,203.8876,123.4187,42.3178,37.4936,28.739,-51.2581,-32.8229,30.9453,230.8389,14.5361,60.4925,139.6525,16.9723,42.0719,5.6358,-53.5652,-35.9961,96.2057,462.5895,9.882,-9.8812,18.2827,-14.3228
-26.6388,-6.6546,-8.8269,-1.3043,55.4132,-11.3973,108.6711,-32.2841,22.7451,60.0709,-88.9456,-52.1321,215.3315,-4.5733,2.597,-35.039,-46.3745,112.2819,-14.6003,-77.9328,-42.126,-19.8717,-6.7874,-10.032,261.1577,-53.5449,-8.2076,-68.2008,25.6992,723.1934,-29.7528,-63.8211,-57.1409,-77.6362,41.494,25.9873,-105.4666,91.6855,199.4323,-59.5019
442.0732,-5.5138,131.2438,82.4503,-69.7928,34.5656,-14.1695,37.218,-73.5074,-46.9826,44.3044,-37.4494,61.6822,-38.6868,45.468,29.5051,-71.639,100.2575,-55.7481,296.6843,10.7364,800.6507,-29.0946,26.6435,-26.688,-41.4626,-37.9038,-40.6385,54.1017,134.2607,-48.7447,263.1515,-103.7514,98.3673,-33.9117,14.6336,-55.3343,37.7405,-59.7023,-96.3802
-41.0266,73.8256,35.5774,100.6129,69.7618,-31.0071,-44.8861,184.7258,-5.9277,-49.2245,32.9197,-14.435,12.3642,38.827,-2.8868,119.258,234.0144,-9.5834,71.5784,721.9023,-44.9005,199.2498,109.0191,61.0558,4238.129,61.1493,179.8054,87.4546,134.0969,-54.4399,142.3977,184.3681,96.2775,-9.4458,-13.3728,34.7085,604.0758,-72.6266,116.6126,7.2224
196.7975,-11.6772,24.2721,-38.2224,-40.0633,-6.3933,166.6203,38.5882,56.8231,-17.1922,43.6162,-72.8241,17.7322,80.9117,409.2124,-41.2835,-47.1028,-20.541,92.3691,212.7102,35.5769,175.5769,338.403,25.7222,-93.7264,727.7694,10.9512,47.5375,-29.5907,-111.8175,-30.1772,13.3283,-73.2295,451.9457,-24.3012,-62.4121,8.1053,-49.7256,47.1933,60.4191
89.7384,376.8513,-19.0056,102.848,40.9247,123.7005,-5.9237,-33.8093,45.3664,433.3001,128.8322,355.3981,46.6404,150.4493,65.0415,-4.0349,391.6562,-75.1285,-40.4608,895.267,6.0411,298.3614,15.7989,99.8056,-70.6794,-33.4364,110.1722,139.7111,393.3325,-14.9134,-72.9069,-75.1745,143.3052,-54.1248,-9.9596,-66.4116,926.8816,75.8102,177.3017,4.441
-41.773,-13.5276,-29.9705,12.2235,55.0599,-36.2503,-41.4523,91.0932,-44.521,101.5034,-13.3454,-31.154,-68.569,10.5175,-38.7864,209.6909,182.6539,-55.5587,-25.865,182.7794,-53.4888,435.6885,-57.4963,-12.0177,13.4514,9.8278,-32.1315,53.6498,-32.5668,25.3938,83.9364,566.4601,51.9751,203.3529,-70.7835,72.459,347.9725,17.8652,28.0735,706.3449
-11.4706,167.9867,87.557,75.6989,19.2436,-22.5714,-15.191,3.986,-72.6311,89.7296,-59.6732,57.9395,16.4829,20.4263,-23.5716,-55.5781,-18.2017,71.828,-21.5955,171.426,-72.1372,205.7868,28.4062,166.8215,-64.4825,-61.5323,79.0849,-19.679,166.1067,14.2002,-68.2115,551.1381,73.326,-60.9119,204.8439,-52.0691,63.1594,26.6173,39.4839,94.6106
17.1977,-52.6648,-34.63,-59.0587,31.2483,-45.655,430.5032,64.256,129.5371,20.5821,16.1294,435.2065,87.891,347.657,-0.4628,-19.3839,-42.6802,-52.701,5.0276,149.1246,-19.2353,234.7816,112.114,-1162.9705,1044.8763,-54.2162,-66.3725,56.6554,36.9691,-14.9391,-14.2255,-21.5546,363.6639,-53.9035,-84.7252,-53.4514,137.9259,-32.9962,-11.2619,274.3235
-45.6071,189.7374,-15.544,78.3376,-20.0583,-56.2903,52.5767,-15.3457,-51.6661,-40.6231,1167.3456,14.5021,43.8066,96.6479,-66.4321,499.633,77.2435,-7.1584,-2778.8347,107.8476,-7295.1682,184.5128,32.749,-72.7435,1025.9838,832.963,-61.1361,-37.9791,53.7899,11.6687,35.9784,-16.5863,1066.7691,3.6147,32.1089,85.4793,-25.0859,22.8549,70.9995,42.3157
594.1141,-2.5761,-26.3963,-11.9714,65.156,-11.9842,-37.32,37.8741,-20.8909,17.9605,235.6436,28.7083,32.5076,-80.1129,233.7002,-76.4883,65.6926,-18.0737,144.4816,189.3279,29.4653,159.2813,-34.864,481.2971,24.9951,-56.8296,55.5407,259.722,275.9654,94.1466,-33.3715,39.3917,52.0803,660.1833,-37.0719,41.3457,-820.539,-71.0252,-29.6196,3595.7168
134.4634,-89.4321,27.6074,91.5178,22.4282,-2.8499,95.5227,-48.1082,38.7217,-46.5117,-81.5253,88.6369,-99.6271,268.3166,620.6206,4.9767,-3.295,85.4284,78.7617,198.3547,-38.8377,194.8419,-13.9253,2124.3315,313.9843,177.8441,-96.9502,30341.6477,35.9523,15.7035,186.746,733.5233,3163.5269,111.2056,-33.0854,-66.5369,266.4052,-81.4537,-7.0907,60.1855
