time,y,x1,x2,x3,x4,x5,x6,x7,x8,x9,x10,x11,x12,x13,x14,x15,x16,x17,x18,x19,x20,x21,x22,x23,x24,x25,x26,x27,x28,x29,x30,x31,x32,x33,x34,x35,x36,x37,x38,x39,x40,x41,x42,x43,x44,x45,x46,x47,x48,x49,x50,x51,x52,x53,x54,x55,x56,x57,x58,x59,x60,x61,x62,x63,x64,x65,x66,x67,x68,x69,x70,x71,x72,x73,x74,x75,x76,x77,x78,x79,x80,x81,x82,x83,x84,x85,x86,x87,x88,x89,x90,x91,x92,x93,x94,x95,x96,x97,x98,x99,x100,x101,x102,x103,x104,x105,x106,x107,x108,x109,x110,x111,x112,x113,x114,x115,x116,x117,x118,x119,x120,x121,x122,x123,x124,x125,x126,x127,x128,x129,x130,x131,x132,x133,x134,x135,x136,x137,x138,x139,x140,x141,x142,x143,x144,x145,x146,x147,x148,x149,x150,x151,x152,x153,x154,x155,x156,x157,x158,x159,x160,x161,x162,x163,x164,x165,x166,x167,x168,x169,x170,x171,x172,x173,x174,x175,x176,x177,x178,x179,x180,x181,x182,x183,x184,x185
4,0,0.8595,-0.2501,-3.7031,-1.5443,-2.5937,-2.4891,-3.61,-1.1088,-4.1306,-4.8581,-4.7635,-7.6132,-14.0375,-9.7216,-6.6548,-4.5183,-7.3954,-6.5324,-5.7176,-7.4871,-11.9139,-9.4402,-8.0802,-2.9667,-6.5267,-5.4161,1.3786,-7.6593,-7.6091,-3.7228,-5.7771,2.2626,-2.683,-8.2641,0.1459,1.2995,0.941,-8.2323,-7.1182,-6.2392,-12.2892,-9.9566,-20.7901,-24.9431,-6.1333,-5.3025,-5.386,6.6828,2.0132,-11.438,-6.1547,6.024,3.023,4.4197,0.4279,-3.9037,-8.6287,4.7678,-5.891,-10.0109,-21.6028,-14.8988,11.729,-3.1272,-5.5988,5.6532,-6.38,-2.8383,-22.2481,-14.9727,-19.2422,-10.525,-7.7701,12.5373,-9.1256,11.8747,3.8296,-6.5072,11.3741,5.6333,1.1592,2.6894,-9.9802,9.7382,4.9617,5.1391,-15.2222,14.9315,-7.3073,-12.4379,3.0824,-3.8983,-4.7052,6.0245,6.7807,-0.088,-15.6626,-9.1511,-8.2018,33.1214,8.3405,-6.1457,-9.9485,-6.218,10.8678,-8.6986,-7.9125,-2.5716,8.7712,21.0564,1.3768,16.1646,14.1108,10.4987,-1.1258,-13.4431,-5.9939,-11.067,21.7584,-2.3949,-9.5609,1.4082,-7.597,13.2576,-4.9521,-1.5074,38.3784,-9.8825,-5.0243,30.7397,27.8069,-10.1964,-0.1169,15.5432,25.8533,-46.0131,9.5882,41.3861,-17.9684,10.1556,-34.3365,-28.5927,2.1771,-20.4503,43.047,-17.7905,9.0791,-6.0132,69.0653,79.5908,22.1826,-31.657,7.4636,12.496,6.9354,7.352,15.127,33.8383,-12.5198,-17.8669,75.9011,19.8966,17.626,-10.4398,12.8166,-16.2013,102.4077,0.97,-19.7201,-1.0438,-22.5287,-0.8478,-65.309,-26.6388,442.0732,-41.0266,196.7975,89.7384,-41.773,-11.4706,17.1977,-45.6071,594.1141,134.4634,0
8,0,1.134,-2.8059,-3.8549,-3.8177,-3.7474,-1.6703,-0.8353,-4.049,-3.4971,-7.6668,-4.5855,-10.589,-9.5181,-7.632,-7.1583,-3.2328,-8.3049,-4.6936,-10.0758,-5.5809,-13.1532,-10.5891,-5.5891,-4.0608,-6.0019,-13.0112,-9.9161,-8.9814,-16.9351,-8.3128,-4.1073,-10.6535,-10.1424,-1.9016,-3.4319,3.4226,0.6852,6.2748,-0.2695,0.1964,-3.1911,-17.9778,-3.392,4.9092,-16.9686,-0.9196,11.1273,0.7524,1.2972,-9.1377,14.6781,8.3386,-2.9615,-3.773,-9.9649,-17.8715,0.7398,-10.7001,23.0902,-13.2428,-8.6791,-24.9519,-14.4158,-6.5752,-7.378,-17.446,-32.2317,-8.0939,-3.0177,-12.3939,-5.028,-2.6971,3.2039,3.4452,-11.4165,4.8149,6.3333,4.7927,-5.3336,1.9269,8.3598,-6.3932,-2.3546,-10.5,-17.7115,-15.675,18.3683,-2.0983,-8.1193,16.2293,0.5621,-28.9067,15.8334,3.4447,9.7869,-7.5585,-5.2959,5.7819,-3.279,-9.4476,-24.0768,2.78,1.4017,31.8465,5.91,1.5812,4.24,-1.998,-29.0226,-16.3812,-13.4635,-10.983,11.5095,8.5666,-2.177,7.8398,-18.5527,-23.4191,0.791,-23.0081,1.8051,50.358,4.6701,4.9356,5.7858,19.97,21.7836,20.8221,-2.2449,7.8401,-14.829,-8.5024,7.6786,17.718,15.5701,16.0942,7.2009,5.5348,30.3426,15.8427,22.8966,5.3939,15.8757,71.8079,-18.9411,10.1867,26.8039,7.1548,36.1523,29.748,-26.4759,56.8222,4.6183,-6.7108,45.7135,20.3372,8.8157,-36.8316,8.8614,105.9669,3.0087,6.1144,-36.3175,104.0819,14.4226,94.0317,100.8941,-4.1868,-6.2889,57.1014,-16.6703,-8.003,17.5216,-6.6546,-5.5138,73.8256,-11.6772,376.8513,-13.5276,167.9867,-52.6648,189.7374,-2.5761,-89.4321,0
12,0,1.7908,-0.841,-2.6576,-2.5852,-5.9538,-1.673,-6.2119,-3.1019,-3.1963,-3.0462,-6.5198,-8.0385,-6.7179,-6.5534,-6.333,-7.0417,-2.2633,-7.7763,-5.9945,-6.1586,-11.2632,-5.9711,-10.5192,-9.3026,-8.8984,-5.7748,-6.0187,-10.1391,-9.0158,-2.8841,-3.8815,-4.0209,-1.9927,-2.7255,-7.7156,0.8405,-3.0064,0.249,4.4638,-9.0058,1.0633,-6.8505,-2.6657,-1.918,7.0096,-1.7491,-7.2419,-0.7146,-2.6021,-5.606,7.3566,4.3733,3.7785,-7.2756,-5.4746,-6.5562,-6.8634,-22.9059,2.5572,-19.9654,1.4422,-28.1488,-5.4584,-6.4678,-31.8898,1.4701,5.3462,-16.9518,-18.5187,-11.575,-23.2861,-14.1283,4.6705,11.2455,2.2207,5.3604,-6.4697,7.135,7.8966,3.663,16.7626,-5.1632,-2.5212,-11.1677,-3.1947,5.872,-7.5823,-9.2624,-9.8094,-6.6803,-13.6233,-15.4993,12.2349,-10.8057,10.1418,-8.5259,0.3694,21.7183,8.4336,7.9126,7.7873,-1.8592,1.6341,5.863,6.0917,9.3705,1.6532,-16.3597,-20.4021,-13.5688,13.1679,5.9722,-15.694,7.5322,0.9937,7.9735,-18.8082,3.7839,-2.8177,1.9213,-22.984,1.0033,11.5519,-16.3896,32.3979,-8.108,9.5786,-7.5308,-23.9918,48.3213,29.8849,-12.5829,29.4661,11.3612,-7.8251,2.8538,14.6313,-28.0061,2.5217,-13.3817,8.1882,52.1232,88.9985,2.3748,78.4905,50.7064,-4.7281,-27.6874,-4.3895,31.6623,-10.5638,-14.1889,44.6968,79.091,50.8422,39.1517,50.5632,-31.1313,-19.769,25.0539,39.1849,83.2556,17.9192,-33.7811,-21.3007,-54.4453,-44.7384,73.7299,61.9272,-57.2114,-42.8315,-29.7705,2.2536,-8.8269,131.2438,35.5774,24.2721,-19.0056,-29.9705,87.557,-34.63,-15.544,-26.3963,27.6074,0
16,0,0.2604,-0.0732,-1.3369,-4.5049,-3.5718,-1.4122,-1.0008,-3.9371,-4.0565,-6.5834,-6.6131,-9.6712,-12.2736,-9.6328,-10.2938,-8.7595,-5.2766,-7.0618,0.0222,-9.4799,-8.0719,-9.6022,-8.0382,-10.1896,-11.0632,-14.1653,-7.2363,-14.7175,-12.7307,-4.9396,-2.5759,-1.1904,-2.9788,-9.536,-1.8382,1.8464,-0.9057,-6.9573,-3.9011,-0.8908,0.5617,-11.9411,-8.7482,2.4591,-15.782,-2.8097,-8.5669,17.4212,3.3414,5.9642,1.2786,8.5578,-2.1933,-9.8223,-5.81,-12.663,-6.8851,-9.6778,0.8223,-10.2495,14.4161,-16.2793,-7.467,-11.9455,-28.8008,-1.1122,0.9135,-5.0939,-18.0571,-19.8956,-10.908,-5.8412,-2.5346,17.6817,-13.1177,2.6923,16.2418,0.3959,3.0234,12.2049,-16.487,-8.9135,-0.0572,1.8057,-10.9953,-22.1803,3.8392,-18.8472,-15.754,-0.2716,-0.7004,-15.2046,-12.5876,-15.7033,-13.8666,-13.1426,14.6565,4.0254,-18.9857,-15.062,-20.674,-13.4626,-13.3444,-7.4963,0.6853,-11.1568,11.9092,-1.919,6.5851,-11.0382,15.7741,34.7656,-2.025,-17.1973,-17.8291,-2.0942,-23.3002,-7.0646,-18.4197,-15.2579,-1.1704,29.2502,-11.4858,23.7807,-20.2271,17.5953,15.7551,-6.3022,-2.8065,28.6886,-13.0673,25.2413,-21.261,4.9263,17.9622,-14.6509,-7.839,-19.006,55.2279,-8.1253,33.2154,-13.9706,11.9632,33.8114,14.5132,31.3331,-3.4773,-43.2953,-27.2492,19.5527,-43.9469,3.3446,18.2645,71.4778,78.6059,-55.0004,-9.2667,-9.3404,-2.4668,64.1298,-9.373,-32.5928,3.5308,87.3559,59.6573,22.2897,49.5041,37.9814,-26.8122,58.9943,-8.9207,127.1197,24.446,-1.3043,82.4503,100.6129,-38.2224,102.848,12.2235,75.6989,-59.0587,78.3376,-11.9714,91.5178,0
20,0,-0.6299,-1.4487,-4.1498,-4.0204,-4.702,-1.5652,-5.4068,-4.1875,-3.1314,-2.8357,-7.9913,-7.7935,-11.8568,-7.071,-8.4531,-4.5771,-5.6431,-6.7784,-6.7808,-6.3048,-6.0744,-4.7141,-11.8013,-7.2208,-1.8076,-8.4242,-16.2653,-14.6837,-8.7198,-8.3204,-11.2172,-8.027,-10.1886,-5.0489,2.5606,-0.1743,8.5619,-6.758,-18.1186,-1.6129,1.5339,-6.267,-7.3439,-10.882,-10.0567,-8.0602,-10.6433,-5.5715,1.1398,-3.8464,-4.2116,11.0392,-4.4387,5.2732,2.1099,1.2796,14.036,3.1558,-5.1442,-28.6655,11.3716,0.5557,3.7039,-30.2215,-21.6292,-9.1921,-5.815,-8.1245,-4.4742,-15.2994,-15.5876,-12.3665,11.4901,0.905,7.6832,3.676,-8.6456,-13.481,3.1872,-4.2476,-2.9389,-6.9647,3.8324,-16.0331,1.5638,1.7051,18.3561,7.5812,0.4131,21.5143,13.6207,6.6659,-8.442,-19.6271,-17.5744,-1.6146,11.3865,-19.6297,4.6718,-7.853,7.6173,-1.9825,5.0146,-1.1657,-9.9199,7.8729,-24.3219,2.2425,0.1872,15.5957,40.8337,-3.749,-12.4413,40.6853,1.711,-1.2089,-7.4846,5.2022,11.4646,18.2735,-1.2331,-3.9163,-8.6347,-2.5781,-21.8073,36.2522,-31.0005,8.796,10.5369,6.0273,-14.8237,-3.5376,-13.0519,-27.3025,0.4555,8.7816,37.1981,28.6167,32.5637,6.4623,-9.8792,-20.9605,18.3049,37.2889,43.1989,-18.5032,21.9949,-27.4313,33.7078,38.2766,87.9974,17.248,-3.6191,-19.0977,71.9993,3.5833,54.4171,-16.6967,-32.5614,38.5532,18.3648,54.5773,-53.8054,25.3554,-38.7091,-64.3916,-15.9601,207.7092,-46.6179,43.5204,68.6114,104.4743,46.8656,55.4132,-69.7928,69.7618,-40.0633,40.9247,55.0599,19.2436,31.2483,-20.0583,65.156,22.4282,0
24,0,2.241,0.2865,-0.412,-3.8781,-5.7338,-2.3295,-5.6849,-0.8942,-5.8205,-3.0932,-5.9741,-7.7573,-7.3157,-9.0967,-7.8934,-6.9714,-7.8011,-1.7602,-6.2424,-7.5445,-7.189,-7.4293,-6.5544,-6.2565,-10.729,-4.3168,-1.7541,-6.0924,8.6333,-1.0148,0.6875,-8.317,-5.3329,-2.7873,-8.1626,-3.9916,-3.8726,2.2926,-5.2901,-5.0354,-6.6042,-6.6334,-4.7899,0.8737,-12.7116,-10.867,-15.7314,-1.0589,0.8587,5.8864,9.9904,8.2422,13.6425,9.9599,-13.8205,3.0918,8.2215,-16.5578,-4.9456,-2.3407,3.2385,3.5444,2.6037,-29.6617,0.0281,-17.9241,-25.8048,-13.1213,10.921,-19.4268,-11.6576,-9.8473,11.6405,-0.6279,24.8726,23.6922,-1.6931,-0.0967,-4.787,9.4499,-2.5286,18.8824,-1.502,3.1312,-10.2525,-17.1492,-7.157,6.9925,3.3043,-3.5935,-18.3224,14.2628,9.4707,9.314,1.7985,-0.3198,-7.1571,-10.3433,-2.67,-14.6739,13.6264,1.5437,-10.9401,-16.0118,7.9302,10.5654,-0.1789,-16.9237,-20.0092,-15.2065,8.8377,24.299,0.3565,-12.6471,1.1554,29.0502,-7.3109,12.8223,-14.6901,-7.9418,-1.3025,-10.5871,-23.7736,13.6665,-12.6803,21.6382,21.3543,-10.6636,-15.2929,9.7162,35.1101,-11.4307,2.7997,-20.3432,55.8884,24.6414,-37.4048,-9.5921,14.8202,-26.2839,-37.2348,50.5536,30.9665,39.24,-7.2627,-12.5522,-44.0371,-4.7235,40.9012,52.519,-12.2449,45.1679,27.4341,-9.5163,56.8871,53.3266,100.9768,57.4049,-16.2299,70.2358,38.1604,17.9634,-21.0032,76.6326,64.7535,-41.1549,-61.7739,-20.1804,4.7124,80.798,90.3429,24.6802,-11.3732,-11.3973,34.5656,-31.0071,-6.3933,123.7005,-36.2503,-22.5714,-45.655,-56.2903,-11.9842,-2.8499,0
28,0,1.3655,-1.6561,-2.5263,-2.1156,-4.0888,-3.0024,-1.5867,-3.1312,-4.7691,-7.3626,-3.3271,-9.6483,-8.5956,-7.1531,-10.2321,-6.6915,-6.7065,-5.6051,-7.4779,-9.2178,-10.3023,-8.9067,-9.0835,-7.1446,-7.3188,-8.4843,-7.2842,-4.2001,-4.1568,-5.8886,-3.3044,-7.1946,3.7125,-4.6578,6.0606,-1.9125,1.084,5.0475,-6.2207,-6.6129,-7.7165,-2.5137,-13.5513,-5.1839,-6.8918,-6.7914,-6.4158,1.2393,-7.2241,-1.2652,-8.6902,7.1333,1.7619,14.4468,7.6611,-7.0108,-6.0428,8.0268,-8.1078,-0.8998,-18.1032,-9.2293,-9.1227,16.4815,-11.1066,16.276,-17.9089,-18.2346,-9.5128,-21.8118,6.7485,-13.8395,15.2809,7.4717,8.9545,0.2284,0.9779,16.1107,0.1075,-3.5581,8.584,3.489,8.1096,3.2936,18.665,-14.1213,10.1985,-13.1334,11.1894,15.47,-12.523,-3.0056,5.4826,-3.4156,-19.773,-7.5869,-29.0667,13.2602,-7.0106,-8.7745,-10.5052,-22.7332,10.7641,-2.2867,-4.8321,-0.9022,1.2046,-27.4203,3.3919,-9.5723,-17.9983,33.4991,-4.4538,53.1152,11.0221,-5.7823,8.7711,16.6522,23.0638,24.7236,1.5279,-6.6522,-2.6275,-42.0717,-0.8274,6.6661,2.3478,-11.648,-53.6268,-5.0559,3.4552,2.9586,26.4066,-11.1481,18.3133,-17.8726,-15.8636,-17.1684,3.2366,43.553,55.3419,21.3448,23.6498,2.3588,80.559,37.6537,40.0803,-26.2888,-16.2753,-30.4726,10.1028,13.1826,-11.7802,4.5998,50.0567,5.2012,67.636,8.5435,-24.9809,-9.2252,74.5338,-22.5957,102.6717,-22.6998,128.0116,35.733,64.7004,3.8255,2.5236,56.5662,-7.4125,88.6169,-42.9986,108.6711,-14.1695,-44.8861,166.6203,-5.9237,-41.4523,-15.191,430.5032,52.5767,-37.32,95.5227,0
32,0,2.018,-0.0794,-1.8035,-1.6074,-1.5389,-0.461,-1.9203,-1.9718,-2.6269,-4.0523,-6.6125,-6.5037,-9.7953,-10.0472,-6.6264,-5.1939,-10.7539,-3.8739,-12.1427,-10.2369,-11.2984,-5.8366,-12.221,-4.7969,-1.585,-7.9439,-9.7001,-8.8333,-12.5542,-5.6447,-7.1625,-7.0353,-6.1429,1.226,-2.3449,3.5836,2.169,0.1069,-3.619,-16.7623,3.2837,-14.4436,7.6066,-10.9785,-3.5204,7.5782,-4.3066,-7.0621,-7.8106,-22.351,-2.3877,4.0311,16.9817,-8.9412,-6.9973,1.9522,-8.4433,-16.2135,-13.2066,-14.8002,-19.7827,-14.9405,-21.4757,-23.0932,-5.8586,-20.3949,-1.9849,-15.3947,-16.6213,-5.1777,-7.8319,2.6302,-6.8256,20.6943,-6.9309,8.2726,11.9836,-0.5665,12.0785,-0.6285,-10.2976,-0.6875,-5.8729,-23.7354,-22.4233,-4.9032,-12.426,-16.0807,-15.2792,2.8203,0.0032,-23.0094,-0.1694,-18.0359,-3.862,-2.8524,-11.3079,5.3292,3.1208,-0.2262,-14.0398,-16.8203,-8.5204,10.1907,-16.2024,-15.2109,-15.0944,-12.66,7.2273,5.2235,11.1685,-19.3509,-19.2023,5.7952,-12.9557,2.7966,-27.2719,0.8442,-12.4604,-7.7124,12.6678,-5.7256,-37.3088,-0.8062,-18.0256,-18.8016,2.9247,40.7602,-17.817,-17.8491,10.0395,-11.717,-11.1427,58.5029,59.5413,0.0474,4.5002,-29.1971,73.1095,3.6601,-42.2231,-4.9626,7.3111,24.0044,12.5727,-2.2335,-16.6067,64.3727,-9.4299,-5.5919,8.9845,17.7253,65.3628,-36.4788,4.6206,85.6602,-24.7165,47.038,-2.337,115.3429,-54.5504,5.5382,52.7481,-40.1248,277.5204,71.8834,31.9226,81.0625,11.2094,0.015,-11.1797,-0.5178,0.4192,-32.2841,37.218,184.7258,38.5882,-33.8093,91.0932,3.986,64.256,-15.3457,37.8741,-48.1082,0
40,0,2.5104,0.5394,-4.5798,-4.0461,-5.3144,-0.9658,-2.7035,-4.1223,-5.2273,-8.2431,-8.9693,-9.6786,-8.0858,-7.4826,-6.9271,-6.2762,-5.2676,-3.4388,-5.5336,-7.616,-4.4948,-4.885,-6.2913,-10.4657,-11.5783,0.9014,-13.5202,-0.7931,-6.4471,-0.5155,3.9879,-8.3625,-5.677,-5.6114,-9.7055,-0.9468,-3.7091,-22.7006,-8.5203,-10.0899,0.8289,-14.4275,-3.6869,4.0445,-14.1159,-14.9694,1.1903,-7.7028,-3.9536,-11.2548,-6.1695,9.5546,-11.06,-18.3628,-1.5456,-7.3599,-4.1845,7.9356,5.1179,-8.0457,7.2435,-1.1086,-10.8804,-0.2479,-0.529,-1.2813,-4.5185,-15.9027,0.1086,-16.5174,-3.6877,-4.8878,28.8788,16.6541,4.3209,10.3391,14.7734,-4.9476,-7.5756,6.6462,17.1892,2.4465,-1.3931,20.1698,6.3439,0.3789,-15.6886,9.7009,-0.1453,-8.7843,-20.4097,4.6951,-8.6256,-13.7829,-19.7037,-0.1347,0.391,-17.1201,11.4045,-12.0252,0.7628,7.0845,0.5142,16.8098,-2.5003,-7.395,-7.6997,-0.7226,10.4303,-4.0138,-9.0726,-2.9029,-0.3866,-8.1446,-5.676,9.7569,-8.959,3.294,-33.6933,-3.2482,-16.5596,30.7324,-6.4854,2.5559,-7.5191,39.6021,-24.3719,-13.3718,-16.5768,0.5037,4.5357,16.0962,41.3096,6.7379,-6.4901,14.2303,2.944,-41.9852,30.5215,22.1563,41.2053,-2.1908,-5.1932,29.8015,18.3189,-0.0971,-4.611,-1.8434,-29.1758,-6.9478,33.1312,-7.6841,-30.2896,29.7902,-18.91,138.3457,16.1237,-13.0111,28.0274,16.5796,12.9049,17.9099,-16.079,55.3962,71.6862,1.466,9.2052,62.2004,21.9364,23.4339,202.3762,18.6305,-26.3432,22.7451,-73.5074,-5.9277,56.8231,45.3664,-44.521,-72.6311,129.5371,-51.6661,-20.8909,38.7217,0
44,0,0.2409,1.4144,-0.0722,-2.3457,-6.5004,-5.3098,-2.2651,-5.3633,-1.6076,-2.0879,-10.7487,-6.9698,-9.5273,-7.6538,-3.7214,-4.5186,-7.232,-7.206,-6.9142,-7.6112,-8.0725,-6.5587,-5.1844,-7.6931,-5.0812,-7.718,-8.3926,-10.5706,-1.825,-1.2439,-11.8045,-0.9838,-14.0157,-12.4822,-3.2705,-3.3779,-5.6929,2.7108,-5.6115,-1.6523,-13.133,-14.7735,1.0721,-11.129,-4.8884,-5.3118,1.7874,-3.4405,17.8999,11.9352,6.0531,2.9679,-3.6943,1.8113,-1.106,24.223,12.1541,-8.1281,-5.9266,-16.7724,20.1089,-12.6997,-16.5503,-4.2502,18.4564,8.0001,-27.2299,-17.3446,-21.9378,-12.3246,-0.5595,0.4296,13.3335,0.24,8.7623,10.837,6.5731,2.3711,0.017,6.8459,6.7788,9.224,12.4551,17.5994,-1.3774,8.2084,-7.1579,0.5491,23.0024,-9.105,0.9228,-4.2076,-10.8869,4.0733,-12.6864,-18.432,-16.9667,1.5924,-14.9822,-5.5,-10.6291,10.0866,0.9337,13.0022,-14.8384,-5.6724,-0.377,-20.8011,-11.8709,21.9193,2.6999,-23.7688,22.6218,-3.9281,0.2933,-32.9091,1.4781,9.0362,16.4658,4.9002,12.2964,5.4506,45.9946,-2.9716,-8.4327,-5.2035,0.4745,12.7847,-1.6947,10.8035,-17.4987,17.7905,8.3352,24.0264,6.1643,11.9251,-15.5771,59.7259,-0.5099,-9.4527,9.0044,-2.2451,36.5349,17.9222,-2.9524,-1.9756,-19.0631,-18.5895,-17.3891,16.862,-43.2048,-30.7735,16.1506,151.2787,71.7165,-24.7271,2.3691,-3.2633,-57.5457,1.0038,3.3998,-20.8955,-13.0684,25.6044,24.5359,80.0404,38.4275,-14.8023,73.9657,4.3501,66.5535,-25.0915,-58.8652,60.0709,-46.9826,-49.2245,-17.1922,433.3001,101.5034,89.7296,20.5821,-40.6231,17.9605,-46.5117,0
48,0,-1.2675,-2.1439,-0.1435,-4.0524,-4.4051,-2.7006,-2.5414,-7.1657,-3.3639,-4.0387,-6.9803,-11.5563,-9.1476,-9.5409,-6.516,-7.592,-7.5352,-6.8648,-8.2035,-5.0304,-4.2003,-6.5521,-11.8678,-6.3407,-13.6645,-3.9312,-2.5914,-8.9857,-8.8631,-7.9225,-5.889,-1.6863,3.826,-5.5621,-4.4585,-1.1325,-4.2065,3.6957,-6.7987,-3.8402,1.2072,-3.6822,-9.1177,1.9573,-1.0781,-6.8829,-5.8841,-2.7546,-6.7793,-12.5872,-3.7706,3.6631,-8.5434,-1.7045,4.8982,5.7613,-2.5525,-17.6603,-1.6207,-6.2325,-18.733,-3.0094,15.271,-12.8299,-28.2266,-1.6323,14.2026,-14.3137,-20.4342,-16.5942,7.8837,-3.2039,19.8579,-5.2987,13.3313,-5.3196,2.086,-1.123,-11.7926,-13.6169,-7.6888,3.7158,-7.6036,17.603,0.7755,0.2327,4.1854,-2.8482,-12.5799,-20.6351,7.4829,-22.9422,-12.9614,-14.5324,-6.5347,9.1002,-19.237,-10.2803,-13.952,-4.8608,13.7616,-16.4023,4.9922,-10.9514,-15.9573,-21.8494,-7.3732,13.5425,-13.7001,-1.2749,31.6711,-2.2871,8.7133,-1.2877,-20.3391,-17.6412,9.3727,3.8061,27.9795,8.0274,-7.7096,-27.6163,22.2994,28.7107,-2.6046,25.2795,30.9886,-7.3867,-7.3473,-26.5821,-18.7746,-6.5167,-5.6167,-3.9924,9.3189,61.1699,9.2386,-8.8811,19.6509,-7.4013,90.285,7.4983,29.0726,70.1708,-13.7669,-27.4845,32.667,-9.9582,-24.1899,3.6912,48.8512,-24.0952,41.4287,-17.3028,-0.8955,-41.806,-41.9707,36.0376,9.1176,28.9233,-18.4535,4.1369,-21.2513,35.4923,3.6963,-23.7323,20.101,85.2776,0.0784,-37.7896,81.5919,94.3403,38.9503,-88.9456,44.3044,32.9197,43.6162,128.8322,-13.3454,-59.6732,16.1294,1167.3456,235.6436,-81.5253,0
52,0,2.3703,-2.6148,-2.5538,-5.0053,-6.3927,-2.7378,-4.5384,-0.9984,-7.5714,-5.3245,-7.77,-6.5308,-10.3985,-8.1955,-8.4971,-5.1966,-6.814,-4.6436,-4.3665,-11.1871,-7.3329,-7.5841,-11.4217,-5.1118,-8.0881,-13.9969,-7.6004,-12.2308,-1.782,-7.4971,-2.7522,-6.9712,-10.4557,-1.4268,0.7214,-1.5249,-5.1417,-8.3221,-11.707,-9.0306,-6.6636,0.6918,-1.3793,-4.6514,-12.4516,-7.7776,1.6297,-3.4348,3.1447,7.0955,6.0989,-0.1934,-3.6461,4.9457,10.3593,-1.1819,-9.1185,6.0119,-1.0583,-27.6893,-12.0116,-13.8725,-26.1623,-3.8514,-10.2933,-16.5779,-30.8391,-20.1229,-4.351,-9.3983,6.4829,-3.3887,5.7572,-4.9439,-6.0647,10.07,-0.8142,-19.0721,12.1191,-6.9687,1.3778,-9.0591,15.6103,6.3407,-12.0186,8.7504,-12.9216,-18.1676,-1.9088,-19.3729,-2.7746,-4.888,6.9728,-9.9497,-11.8994,0.5233,-6.1165,-18.8672,2.2808,-36.5358,-6.5668,-6.9658,11.7083,1.833,0.0757,-5.2682,20.7898,49.0261,-18.0405,-17.0748,-15.3783,-9.5055,11.2675,8.0108,-5.2295,9.1057,-4.2592,4.6502,7.3269,9.8441,-10.0007,16.8487,9.1537,-21.4099,-0.8911,-0.4891,-5.1821,18.1297,-18.4986,-4.1759,50.7869,-0.2095,-9.7423,-20.8637,-23.9302,-8.5023,1.2497,-14.2554,62.0844,2.4765,13.3209,-18.9116,4.2673,-30.4739,37.0139,-1.2249,-12.4042,21.2878,44.9553,-8.0698,-55.0934,-17.836,-32.5268,-2.1324,8.1038,-13.8698,2.1121,25.1251,29.8488,10.3871,6.5789,29.8729,18.3472,-24.2532,12.7295,80.5599,24.8298,2.3592,1.6649,13.9464,2.6419,166.1552,10.6081,-52.1321,-37.4494,-14.435,-72.8241,355.3981,-31.154,57.9395,435.2065,14.5021,28.7083,88.6369,0
56,0,0.6256,-1.8924,-4.8643,-0.5981,-3.6372,-1.9498,-4.0408,-4.3013,-8.6816,-5.9441,-5.3232,-11.9972,-9.8319,-8.7992,-8.5482,-3.4543,-8.6364,-9.7339,-8.4307,-5.3411,-8.7831,-6.3607,-9.518,-5.7175,-7.6516,-11.4998,-2.8572,-6.5106,-4.3922,-9.3937,-4.2398,-0.7612,-3.0337,-13.0184,-2.1342,-0.3845,-1.9754,-0.6254,-4.1267,-7.4612,-16.1862,-6.331,-10.014,-8.2528,-13.9874,-0.5287,-1.3279,-11.9618,0.7597,3.2725,-9.02,-0.8173,-5.9309,-1.9644,-7.392,-6.0787,-7.2817,0.7814,2.194,-3.5471,-8.0493,-6.4738,-12.4365,-27.7817,-12.8059,-15.6967,-31.0613,-1.7872,-23.1845,-16.6758,-20.1546,9.2247,-1.7517,6.5835,-8.1456,-5.1425,4.3943,9.0202,15.9201,0.2766,-25.0058,6.994,-23.6151,6.215,-11.2771,-1.1573,-13.6932,-16.8538,-16.1363,9.2199,-1.2188,-14.774,-17.0039,-25.4833,-17.3662,25.5713,-2.796,-31.2965,15.288,12.0394,-13.7496,-10.243,-1.6389,-5.5652,6.1172,-15.9446,-7.4687,12.3746,-16.3541,15.5866,14.6913,-3.1764,-9.7131,-15.4881,-9.8275,13.5717,-0.8656,24.5685,15.1771,8.0786,6.7254,-10.1339,5.7442,13.9375,19.7721,19.0199,5.9776,21.737,20.7984,-18.5146,-6.4794,-11.3014,1.3279,77.1997,25.1318,13.6276,-6.3016,-13.4668,-24.4662,6.7518,-14.3171,-16.0826,4.6996,23.4447,8.4762,-53.7203,-48.3416,4.161,33.4171,21.8846,1.1824,-1.2572,-28.4336,8.9099,58.8701,-41.6282,-3.3537,-19.9236,55.3272,-17.904,103.2713,62.9264,111.1639,67.3021,-7.3218,28.5087,231.9164,-45.7397,31.1402,7.4249,-23.8437,75.9848,-23.8069,215.3315,61.6822,12.3642,17.7322,46.6404,-68.569,16.4829,87.891,43.8066,32.5076,-99.6271,0
60,0,1.5561,-1.4427,-2.3017,-3.4963,-2.1072,-1.5355,-6.058,-3.9584,-6.2383,-4.8783,-10.8597,-6.8255,-6.8494,-7.1483,-2.9246,-4.859,-5.4121,-5.2217,-4.1011,-8.2392,-11.0167,-7.3808,-14.2552,-7.3973,-9.1018,-11.1827,-9.0642,-9.4735,-7.441,0.5901,-5.85,4.2671,1.5887,-3.4532,-7.0701,-6.2053,-7.0985,-4.4909,-6.4059,-14.6918,-2.3122,-18.3294,-7.7919,-5.9271,-3.8094,-9.4356,-11.2626,-0.5291,3.1105,17.592,-3.1914,-3.895,10.9378,-10.9724,-2.5205,6.7844,13.3153,-19.2981,1.9103,-15.0206,-18.4015,-13.1004,-11.3834,-12.6721,-35.3571,5.6201,-8.4066,-25.0917,-0.9927,-5.4381,14.7189,-8.4374,19.8524,36.3246,11.4262,-5.4096,-8.4254,8.3455,-2.8561,-3.771,0.3718,9.1249,-5.8942,-6.9394,5.0896,-20.1298,3.9918,-14.2205,-0.367,-18.6888,-6.4604,4.7195,6.5217,8.1044,-22.1614,6.4744,-3.8779,-20.0969,-20.3622,-8.9805,-1.3673,21.2473,-8.776,-11.9063,-0.8168,13.0184,7.5023,-16.8907,-2.0835,25.4348,16.8715,-11.4587,-21.5689,4.3708,6.8336,-11.5876,9.5891,1.0308,12.7029,13.8615,4.6747,15.2476,2.4995,-18.0144,27.6741,17.7431,-38.988,18.4341,-5.9466,-3.235,-28.9638,-29.0687,12.8001,-24.2215,5.7664,8.0138,16.5859,37.1659,2.7868,-10.8856,6.6659,7.2965,15.3051,-14.3252,-54.8465,72.7211,43.8152,4.9211,-13.722,6.6153,42.8432,-9.8449,23.7916,53.2426,-2.8832,51.8272,-18.0498,-38.1005,77.0636,16.4976,-37.9842,34.5711,-64.8746,15.4409,4.0564,66.2055,-31.6615,-35.4139,-46.349,36.5576,42.1475,49.5388,58.9547,-4.5733,-38.6868,38.827,80.9117,150.4493,10.5175,20.4263,347.657,96.6479,-80.1129,268.3166,0
64,0,1.761,-1.1868,-2.1677,-4.5184,-3.6542,-1.7089,-4.6332,-5.5922,-8.1869,-3.2494,-6.7272,-9.0745,-8.6377,-8.3617,-8.9033,-3.4622,-5.2725,-5.8085,-7.2836,-10.829,-7.3482,-7.1041,-5.5977,-17.2453,-4.4499,-2.5633,-7.5124,-1.6348,-6.6628,-9.1692,-0.648,-6.4526,-2.0131,-0.7128,-3.0093,-7.3546,-9.4794,-15.8839,-8.3382,-9.4431,-8.6804,1,-13.6572,-12.5959,-5.51,-10.5191,-8.7076,-13.1473,-3.0852,6.1555,4.33,0.2282,-10.2515,-4.3651,9.0428,-2.4131,-14.1296,0.4218,-13.1943,7.6287,-9.9955,-9.3745,5.995,-19.2564,-9.4663,-2.049,-30.9545,-16.388,-17.1182,-12.5384,-6.5364,4.6998,32.8563,7.46,33.1261,0.4456,8.117,14.3798,1.5658,3.4585,-2.4816,21.712,-0.2047,1.9866,-3.5815,2.4909,8.0067,-24.162,5.5046,14.636,-8.6932,-25.1826,-18.4269,-5.7495,23.5677,4.7135,-7.763,-0.2892,-3.7302,-23.8578,-20.8391,-15.1742,-3.437,17.4935,-9.3572,-1.3945,-23.1789,-19.9491,-21.8423,-1.8034,5.7079,-13.0984,-10.7357,0.7126,-27.1559,12.8244,-5.3237,-7.7356,-2.9736,-14.347,-10.992,0.5207,38.7253,-19.1951,11.9235,-3.641,26.567,50.7338,-36.4746,-9.9735,45.8789,27.286,3.4291,19.27,-19.6224,-6.8107,-40.5349,-33.7565,8.9006,23.9426,-2.0524,-18.2716,13.2385,-48.9266,11.7632,15.8648,-22.9644,-28.072,-41.7903,16.57,-20.7446,67.2599,-35.7734,-14.9059,11.2281,-11.5258,77.68,44.9853,33.2848,160.3564,13.9703,174.9318,-47.4293,-70.7973,-10.3581,-4.211,-23.9446,236.9738,20.4251,55.9581,12.6799,-84.4226,98.1632,2.597,45.468,-2.8868,409.2124,65.0415,-38.7864,-23.5716,-0.4628,-66.4321,233.7002,620.6206,0
68,0,2.5546,-1.4647,-1.8071,-4.9986,-4.1532,-4.0026,-5.81,-2.8717,-6.9813,-6.6483,-8.3415,-12.327,-11.2661,-9.5616,-6.1884,-7.2935,-6.3765,-8.1673,-5.8865,-9.3833,-12.7082,-6.6819,-12.0301,-0.3064,-13.4112,-3.1051,-14.9776,-7.8873,-5.8093,-6.0385,-2.9927,-5.028,-2.9356,-8.3496,2.6164,3.3574,-6.1409,-10.3326,-6.3576,-11.2907,-18.0209,-3.9657,-10.6564,-7.9596,-12.9726,-4.2805,1.2358,2.6306,-6.2734,3.2053,5.9684,-1.8174,2.9807,5.3983,3.7402,-7.4203,-0.6095,-2.5788,-14.6052,22.7996,-3.3089,-8.0576,-3.1677,13.0379,-10.6195,17.532,-10.5957,-15.3101,-10.663,-5.6601,1.9412,25.3025,22.0024,0.1874,-12.1669,4.7706,-1.9424,1.6298,13.9633,2.4918,26.32,-1.8221,-21.289,3.6468,-16.2796,-4.7166,-4.7435,-4.9952,-9.3434,1.5976,5.2841,14.186,-13.9279,2.0812,-5.1593,10.223,-17.929,-23.5429,21.5052,-15.6152,23.6352,7.7611,11.403,11.6057,-12.0131,0.6167,-12.8541,-7.199,11.2635,5.856,-12.512,-12.3824,6.1835,10.4995,3.1939,12.5377,-7.2296,3.3,13.6107,33.6141,-13.2373,37.7506,14.8105,16.8672,-3.7379,17.8477,20.5217,-7.2274,-18.4687,15.9182,11.7302,-15.9911,-16.4208,-9.3832,-0.0581,-1.2351,7.2536,2.9297,-10.469,24.8768,73.6486,-45.5725,-12.5218,61.2555,27.4184,8.4877,42.9029,31.3556,-21.5641,25.0022,-15.6718,10.1864,-10.0007,50.0727,45.8018,14.2853,-13.2766,111.7573,64.4143,3.8652,5.9384,1.5805,41.4942,130.5131,-61.1877,-49.8735,8.4345,18.2027,-3.5788,64.0967,-3.0874,8.9665,-24.1641,-35.039,29.5051,119.258,-41.2835,-4.0349,209.6909,-55.5781,-19.3839,499.633,-76.4883,4.9767,0
72,0,1.8701,-2.6303,-1.9283,-3.6872,-1.0739,-2.4304,-1.5952,-7.2027,-4.7056,-7.2773,-7.179,-9.381,-10.4976,-10.0142,-6.4565,-7.8008,-7.3785,-3.9426,-3.7988,-8.922,-6.1532,-1.9468,-7.705,5.4987,-9.3155,-5.3567,-4.0392,-12.7222,-5.7644,4.1034,-5.3465,-4.9841,0.4554,-5.0615,-5.5405,2.3911,-8.642,-0.5326,-10.8677,-2.5132,-5.379,-13.2012,-4.3537,-14.46,-7.6248,-15.6929,-13.8101,-11.296,-9.3636,-0.5348,-3.2095,-12.9549,1.1569,-2.9064,-4.5614,-1.9132,-7.4349,-13.7365,-15.988,21.166,2.5056,-13.208,-8.397,-19.8989,-5.4578,-30.8072,-0.785,-15.9685,-13.6847,-13.2272,1.6358,-9.3202,9.0257,-3.8756,-9.4418,-5.7273,6.3333,11.4563,19.0924,-16.7458,-0.4119,-14.7717,-4.0602,-2.6461,10.575,-14.1302,-11.219,-11.1303,-8.4275,3.1495,-8.1755,-0.7898,-27.3449,21.8079,-7.088,9.46,-38.7072,3.4399,-11.011,15.3027,21.2324,3.3302,-2.2356,-13.6093,-20.1156,-5.0993,-7.8344,-0.9796,5.0342,-20.0065,-8.1224,-13.6357,-5.7787,-25.7678,13.2292,-17.4654,8.4883,-22.1433,-1.4389,-22.3692,-26.371,-7.4522,-7.3006,20.1308,22.8077,-9.0688,-24.0719,-13.3021,-16.1207,9.9307,38.6999,-19.4038,-15.9149,-23.6547,22.9934,24.8547,-8.4851,-10.8942,2.1389,33.4814,36.6531,21.5116,-19.7749,-14.7788,9.317,21.7641,-21.9015,-17.1187,-37.3341,-26.6899,12.0808,-8.82,162.4916,-8.0162,-23.7488,73.3761,33.5731,-23.0757,89.7888,42.6233,-2.983,27.5252,26.0359,-49.6258,74.5186,62.6699,-52.6352,32.9725,21.4941,57.6804,88.8464,19.5777,8.2514,-46.3745,-71.639,234.0144,-47.1028,391.6562,182.6539,-18.2017,-42.6802,77.2435,65.6926,-3.295,0
76,1,2.1911,-2.8254,-3.2341,-2.7548,-2.749,-2.5392,-3.7686,-2.4865,-3.8095,-8.5424,-9.787,-8.5198,-9.047,-8.5314,-7.1236,-3.6374,-7.0817,-4.4984,-4.9266,-9.7412,-2.2647,-7.5163,-6.6601,-10.7146,-7.219,-8.4418,-2.7087,0.0523,-10.3486,-3.204,-1.5301,7.5225,0.3705,-4.5452,0.4851,-3.8057,-4.3192,-5.8594,-4.4773,-11.7444,-4.925,-2.1831,-16.222,7.5656,0.8308,-2.0811,-1.2825,8.9461,-1.2908,-19.0399,-6.0067,-7.3866,13.6763,-9.2738,-21.0998,-19.3219,-13.7481,-2.9378,-14.1816,-8.5516,8.0405,-18.6516,-25.1154,-31.7784,3.354,-3.9335,-1.7647,-8.6785,-13.0118,-11.8115,13.5385,-2.2987,19.6157,9.788,2.3982,6.6824,1.0333,12.9911,14.3542,2.8995,-4.4613,12.4217,-7.5759,5.4283,-6.5887,7.6451,-13.7327,-1.7008,-31.5976,3.9651,-0.7223,2.3294,3.0216,5.3972,-12.4992,6.639,5.8909,-23.2008,17.4464,16.5452,-8.6805,-21.7763,0.4347,-13.4192,9.9285,2.7239,3.5402,-3.9933,-7.1251,19.0641,-20.3937,22.8693,-3.6729,-1.1723,-0.3269,-5.915,-3.4158,1.0567,-3.55,18.9356,17.2816,9.4878,12.0383,0.6071,-15.4491,3.6162,19.6686,-17.8731,6.9461,-13.5381,9.3991,-12.1096,10.9558,-6.168,11.0376,-16.5307,-1.4517,-12.6767,-3.6504,-29.8711,-10.1409,45.9435,22.669,-31.8015,-8.629,-3.8791,-21.3167,-13.3749,136.0002,-5.9961,-5.0313,11.4343,5.2116,28.1755,103.1814,-3.4856,-65.2126,4.6712,-6.6954,94.3246,68.8179,24.5478,56.08,201.6008,-25.5955,-15.5901,31.5671,-11.2846,-67.8925,44.2927,92.9001,39.8915,203.8876,112.2819,100.2575,-9.5834,-20.541,-75.1285,-55.5587,71.828,-52.701,-7.1584,-18.0737,85.4284,0
80,0,0.8463,-2.9379,-3.1083,-4.3522,-3.8837,-2.6527,-2.4105,-4.3496,-5.1613,-3.6937,-5.2409,-11.8409,-8.4331,-8.4147,-6.2747,-5.702,-11.9448,-3.4529,-5.6711,-7.0865,-6.985,-7.2148,-8.9926,-8.0572,-5.5843,-7.1615,-8.729,-11.0065,3.0395,-1.8785,1.7875,-10.1014,5.2626,-4.2487,-5.6974,-2.1271,-6.5528,-4.3481,-10.9849,3.333,-3.7862,-3.6686,-9.2264,-0.2167,-2.653,-17.3746,-11.0048,5.7383,-6.403,-0.8926,-0.4893,-3.6141,-2.648,7.6406,-10.6106,-2.2104,-0.2991,-14.3506,1.3348,-20.4054,9.5545,-26.0082,-5.876,-14.289,-31.119,6.66,-9.9586,-11.2486,-11.0873,-4.9345,-14.3834,14.47,-8.649,0.3687,-9.4416,7.0556,17.8648,21.2059,5.6498,-2.9025,0.7283,-4.6957,13.0696,12.9263,11.2351,-5.7228,10.1964,-12.3838,-3.4395,-11.3571,-2.5163,-2.5663,15.5129,-5.3377,-7.3704,1.558,-6.2139,-21.4398,29.8826,-9.9045,-12.0168,6.3241,-23.1702,-8.8554,-12.5077,-13.8198,-20.758,-6.9096,-6.0346,1.3778,-10.9438,-1.7653,4.1751,-16.7711,-21.5305,-11.6764,17.2429,-0.6732,-14.02,4.5285,3.518,-24.9145,10.9425,22.9596,-0.2372,-26.3443,-49.7465,-1.6165,-17.3707,-5.459,6.4392,-26.7235,6.393,1.4454,5.613,3.5671,9.6586,-32.2812,-1.7399,44.6095,-26.6036,18.6054,68.3767,62.0202,-0.9787,-32.9283,7.9678,39.2749,57.9539,-1.5807,-28.0819,-20.742,4.5141,3.9636,10.1706,134.6696,81.9448,59.1214,12.5111,-24.1042,-11.435,72.1109,-2.4571,-113.2359,18.3496,631.9666,26.5989,-16.8052,2.2927,-19.3321,-9.4811,-8.8264,123.4187,-14.6003,-55.7481,71.5784,92.3691,-40.4608,-25.865,-21.5955,5.0276,-2778.8347,144.4816,78.7617,0
84,0,-6.1009,-5.5814,-9.2622,-6.6307,-9.5105,-8.594,-8.4878,-8.4374,-11.8556,-13.5973,-14.5615,-17.6244,-17.9097,-19.8801,-17.9715,-15.3271,-14.1849,-13.1143,-17.6825,-16.0505,-17.1168,-21.0576,-18.1342,-18.8427,-16.092,-20.873,-19.3712,-18.0602,-16.1946,-18.1962,-10.6751,-14.5836,-2.8202,-14.7606,-12.0342,-14.3761,-8.4374,-9.0315,-14.595,-24.0748,-18.0368,-18.4589,-21.3468,-10.6429,-8.1261,-2.0097,-0.9466,-23.6025,4.3498,-23.5233,7.1379,3.4186,-3.3333,-4.0809,-11.087,17.4881,-12.9686,-9.1199,-6.0558,-8.3852,-26.6817,-5.9573,-5.7834,-20.9414,-18.4301,-20.2726,-20.9987,-16.3188,-17.5764,-0.3293,-4.3376,1.2657,11.0436,13.2107,6.6732,24.0302,16.6981,-5.4054,10.6169,13.1365,21.1441,-3.4353,4.6211,5.7037,6.0139,6.2542,5.505,-10.1971,16.9897,0.3841,2.454,2.7919,-24.7741,-12.164,25.431,5.3854,-0.6781,-0.6245,37.7679,22.9101,-8.6956,-11.9435,13.8992,5.6959,13.4072,-14.4591,-14.8021,-1.6982,24.6265,6.4901,13.9572,-1.9433,3.7206,-14.8101,26.2016,28.6079,8.0698,7.8924,22.2955,21.0381,-3.411,3.0237,45.7639,13.7832,15.7536,43.4973,-1.7383,10.6994,51.8997,46.6458,17.0461,39.9233,37.3526,12.9149,24.9041,6.8542,6.0055,25.6605,25.0107,10.7866,12.5998,49.9004,11.0863,48.8818,-15.156,15.432,77.5203,-14.4853,-19.9127,15.1241,-12.0289,46.8063,-1.3522,-3.834,90.7464,-14.2313,-25.4284,8.816,-41.5066,62.2322,40.3892,-37.6248,54.3,12.4232,195.545,45.6554,115.0997,-41.3054,-46.4082,197.9218,-43.3462,37.1122,42.3178,-77.9328,296.6843,721.9023,212.7102,895.267,182.7794,171.426,149.1246,107.8476,189.3279,198.3547,0
88,0,1.4861,-1.8632,-1.7241,-1.833,-1.62,-3.3656,-2.7763,-4.2637,-7.6571,-6.3565,-7.0767,-8.2599,-9.6566,-7.0099,-8.0237,-7.3682,-1.9535,-6.953,-6.003,-9.3151,-4.1264,-6.8341,-10.4659,-3.0807,0.3763,-5.2262,-6.0995,-3.9414,-0.3951,-4.8668,-2.754,-3.5884,-5.3028,5.5841,-2.365,-3.9396,-5.6832,0.6249,-11.6571,-11.955,-10.0133,-8.9277,-0.3936,-6.8834,-10.5811,2.9445,12.6503,-0.7073,-1.007,10.1113,12.8558,-7.9868,-2.3702,-13.0012,-7.8396,-0.8525,-11.9908,0.0815,-7.7149,-15.3949,-18.4018,-9.2774,-18.8482,-8.1449,-15.4059,9.8048,-26.6987,-7.5341,-23.8478,-5.0342,-0.5143,-5.0101,5.5853,10.8833,-1.0395,15.4038,-2.2587,-6.7385,-1.5976,5.2234,10.7855,-8.1044,-4.9414,-4.9865,-4.2733,4.8963,3.0077,-4.046,-12.4869,-9.3318,-0.7331,-17.9742,-25.9058,25.7239,5.4463,9.6183,6.4152,-0.4909,13.7937,5.3087,-1.1005,-2.9359,-0.0064,-14.7675,-5.3936,-0.3434,-15.9547,-1.5932,-25.8098,-5.7399,10.215,-5.9958,-20.2161,12.702,25.9645,7.3609,21.89,16.7284,-12.5843,28.681,-7.0945,41.702,-6.7395,18.256,-8.7604,38.2271,4.0214,-2.98,-28.4169,19.731,-8.7141,12.9897,41.3842,-0.6985,12.434,-7.203,0.121,17.4814,31.7725,29.6276,94.9627,12.2079,-12.6842,-41.2597,23.51,-14.1835,62.173,25.551,-9.11,10.1562,-9.1688,24.2639,-10.4653,63.3876,44.1278,-30.3566,17.5329,133.5805,-36.7685,-25.4176,144.9192,3.8871,34.4495,-2.647,117.5005,-21.0815,152.1902,-59.9811,40.8006,-57.4796,40.7588,177.4773,37.4936,-42.126,10.7364,-44.9005,35.5769,6.0411,-53.4888,-72.1372,-19.2353,-7295.1682,29.4653,-38.8377,0
92,0,-6.3798,-6.5157,-10.4244,-10.2563,-8.2891,-7.6294,-9.3736,-8.6028,-8.7871,-12.261,-16.8997,-17.3525,-19.4503,-16.6906,-16.106,-16.0913,-15.5493,-15.4759,-17.2941,-16.6345,-20.1861,-15.8866,-20.1965,-19.3114,-19.9738,-10.7294,-13.4549,-16.6887,-14.128,-15.9058,-11.5515,-12.1394,-14.514,-13.9075,-14.4522,-14.0474,-11.8983,-17.9076,-11.6405,-20.844,-17.0473,-10.9709,-20.782,-10.4592,-15.6506,-16.9217,-16.6161,-8.2359,-1.4013,-16.7593,-11.2501,-13.2885,-3.4957,-8.4509,-24.4627,-12.2732,-10.0826,-10.9137,2.8436,-16.3953,-9.2835,-2.8543,-9.2141,-40.484,-14.3731,-9.3686,-28.5082,-18.3436,-10.5533,-7.7259,-1.3354,-1.8592,9.2469,18.8088,6.9292,-5.9374,-1.7896,-7.9325,12.6819,-3.5045,-3.9783,7.3593,-7.6458,-1.5442,5.9458,2.9757,8.9484,-4.4478,0.8861,-14.1868,-1.9347,21.6986,-4.6631,-0.3438,9.1465,24.295,-2.8369,47.3874,-8.363,23.3867,15.8223,-6.4182,7.5702,-8.8492,17.9625,12.4579,5.2807,-8.0034,1.3702,17.1875,11.8856,17.2999,7.9404,11.1242,-6.4952,-2.0095,1.1968,62.4562,22.062,-10.7308,18.8093,10.7925,39.3448,4.0388,11.0482,30.9557,20.9509,17.08,10.2964,8.1649,49.5757,49.449,26.5594,-0.0562,1.0584,104.8009,9.1368,31.3032,2.6889,12.5782,1.144,-12.4785,72.6552,-0.3233,8.8014,41.1731,21.2788,-24.8756,-19.6661,6.2713,20.6319,0.2745,-22.4191,101.0607,4.1796,72.9328,4.6359,10.601,-35.2591,10.9047,-12.8912,124.4892,8.069,53.5563,3.0483,-84.7734,-1.2615,296.8304,22.9673,53.0779,-26.4717,0.4425,28.739,-19.8717,800.6507,199.2498,175.5769,298.3614,435.6885,205.7868,234.7816,184.5128,159.2813,194.8419,0
96,0,1.007,-1.0369,-2.4294,-2.8942,-3.9658,-1.8051,-2.8524,-3.2498,-4.4153,-4.8122,-6.0993,-7.2834,-8.6855,-7.3486,-6.8995,-7.9738,-4.8489,-6.2054,-8.4043,-2.9249,-2.4959,-5.4332,-2.9379,-1.37,-3.5865,-1.7265,-3.2403,1.856,-2.6453,-0.2814,-3.3372,0.8432,-6.9234,-8.2109,0.7006,0.3882,-7.0842,-4.8349,-7.6762,-6.6989,-6.2676,-10.5281,0.72,10.0037,9.0426,3.6372,0.7763,-17.0134,11.0068,15.0965,1.4244,7.9688,11.8655,-21.2175,1.8955,6.715,-20.1889,3.4572,5.2238,-14.844,-22.0341,-15.3878,-25.6053,-22.397,-13.9648,12.3345,-6.2212,-5.6703,-7.3346,2.27,2.24,0.9805,6.267,2.0949,7.5091,-7.2182,12.2839,-4.2054,0.8273,-3.8128,-10.3813,-3.5563,-11.1932,5.4227,6.2153,-1.5628,1.8611,5.4247,-17.987,5.422,-6.4103,10.1355,-19.3859,21.6104,-8.9557,7.9035,17.6707,-22.7488,-13.2445,8.3317,32.646,11.7987,1.6548,6.5676,11.7582,-2.979,-7.2177,21.0803,11.8674,-21.2747,-5.9318,-11.0663,12.4647,4.0336,25.1869,-2.7237,9.6345,30.4848,-1.0845,15.2406,16.3442,-10.2867,24.9697,14.76,-13.4787,9.7269,17.2561,-27.7708,-25.3318,38.2906,32.91,27.7016,-4.3161,-13.8522,-9.8801,-24.4007,25.6144,-14.9215,-7.6586,-14.5259,54.9915,-41.2379,50.8357,31.2529,-32.4804,-24.4583,50.9363,-16.08,51.34,101.2352,59.7207,41.78,4.2952,-11.3414,-22.4235,-29.6732,24.5618,60.5212,-8.4634,26.0259,-23.7113,44.1883,6.1464,-5.0749,-29.4142,33.3602,1.5134,-9.6262,-2.6252,-57.522,2.8181,92.2506,-51.2581,-6.7874,-29.0946,109.0191,338.403,15.7989,-57.4963,28.4062,112.114,32.749,-34.864,-13.9253,0
100,0,3.5235,-1.2664,-3.9915,-2.4886,-2.8235,-2.525,-3.4194,-3.9517,-3.7766,-8.2622,-6.3832,-10.7071,-10.0493,-7.3345,-6.0651,-6.2473,-5.1107,-4.3586,-2.6019,-14.9758,-11.5925,-10.3863,-9.3515,-4.1296,-5.5229,-6.6741,-5.077,-0.1546,-2.2565,-2.3436,-4.4207,-7.8122,0.6097,-9.0874,-11.2189,-9.0207,-14.5397,1.8733,-8.7311,-12.7684,-1.6802,-8.6185,-12.4278,2.6917,-2.0769,-0.9972,4.3439,-0.3615,-0.6488,4.2701,5.4512,1.6612,-3.4637,-14.0557,-2.8994,-5.8882,-18.3717,-13.5593,-10.3211,-16.3812,-7.4667,-12.1684,-14.1681,-0.3684,-15.5349,-6.5315,-15.6786,-17.9332,-2.0294,20.6432,-3.3389,6.8051,1.7973,8.936,3.3138,4.558,-2.6018,3.0679,-11.7668,6.5965,-2.8126,29.2405,-3.7374,-2.1377,-2.2776,2.6172,-14.2866,-28.4727,6.8631,-4.6109,-6.5754,-9.996,-0.8108,55.596,29.2811,23.1991,2.8471,7.5823,-7.3694,-9.6177,5.8007,-8.0337,-10.9714,-9.1813,-7.5679,-6.7768,-6.4434,-6.689,0.0692,18.8862,8.605,-0.9592,-2.9544,-15.91,-13.5529,-18.1806,-23.4755,12.3902,0.8417,24.3037,50.8292,22.8793,12.6421,-25.7831,32.7743,14.8728,22.3441,-2.8962,-7.0935,-18.2168,-12.3141,-26.2121,15.0287,1.6686,2.4088,5.9733,-30.0946,12.3612,-12.9756,38.6348,11.1721,70.6055,5.502,-19.4169,-2.7158,2.2727,25.5487,37.3988,16.5502,-6.9829,-10.6449,-5.8853,10.6192,165.9657,-36.5925,4.9666,-6.4265,-6.8077,-6.7026,23.3137,28.7513,17.2227,-39.7886,64.7332,-30.2812,-5.2077,-50.4716,-21.4756,-15.2918,-34.7599,-45.6807,-21.8203,-32.8229,-10.032,26.6435,61.0558,25.7222,99.8056,-12.0177,166.8215,-1162.9705,-72.7435,481.2971,2124.3315,0
104,0,0.0485,-2.9648,-1.8481,-5.1432,-3.961,-2.7067,1.0511,-4.2664,-4.907,-7.9627,-10.1883,-5.8654,-9.6059,-6,-6.5283,-4.2715,-3.8813,-6.0749,-2.1505,-5.5588,-12.4563,-3.4942,-3.3373,-7.7308,-6.6763,-7.0983,-0.5056,-8.7953,1.0438,-4.1924,-4.6944,-1.9875,-0.6686,-8.4353,-2.719,4.5391,1.7473,-9.0423,-8.7651,-8.5334,-0.0232,-3.286,-17.6297,-8.7694,-2.8735,-11.3641,3.5339,-3.5351,1.9024,5.3297,6.9389,8.0425,17.8805,6.2667,16.1701,-4.1893,5.0002,-6.5264,2.5101,-6.1312,4.2994,-14.5149,13.7827,0.586,-11.9247,1.6536,-14.0844,-10.1601,-4.2346,-2.1383,8.0507,1.5683,15.8679,8.6761,2.3892,20.6336,9.7905,-11.721,10.4622,3.2212,4.8437,-5.7552,3.2563,-12.1433,-11.3122,-6.2977,10.0691,-5.0869,-17.9407,-12.9569,-1.0298,-0.5438,-10.9962,-17.6355,-10.7118,-0.0592,-8.9294,4.8391,6.234,14.8691,17.1649,-7.9683,5.0997,-14.6663,-13.5562,-10.614,-1.8552,-13.0491,-12.6505,8.417,-9.4914,-27.299,12.4,20.5202,12.5455,-3.525,3.8717,-16.4866,-13.988,7.5555,2.7947,-5.2769,-35.1046,-5.2724,-18.8274,24.5764,-9.3519,-16.5652,24.1564,-36.6774,-26.2111,14.5618,13.6321,-9.5102,14.4279,-7.8671,-1.9673,-4.1326,4.2797,-42.8723,6.6707,40.0545,74.955,34.6565,-17.7258,50.406,60.7373,23.2834,-11.9498,12.7519,-2.9645,-5.7093,6.2938,95.7594,7.6777,13.8494,21.9449,17.477,6.0044,-28.2238,17.9772,-27.3676,111.1921,-6.6221,-10.1972,65.5812,-21.8922,89.6502,15.5986,-33.7329,-8.9893,-60.2739,30.9453,261.1577,-26.688,4238.129,-93.7264,-70.6794,13.4514,-64.4825,1044.8763,1025.9838,24.9951,313.9843,0
108,0,0.8984,-0.2852,-2.7759,-3.9136,-5.4072,-3.5981,-3.7063,-3.4895,-5.9311,-4.6513,-2.3478,-8.5396,-9.4047,-11.9099,-10.3735,-7.9597,-12.3471,-1.373,-5.0749,-2.8955,-9.3422,-2.9617,-8.6498,-5.2675,-5.3462,-8.0774,1.0237,-5.5131,0.5903,-1.7732,-6.8752,-3.4551,-6.4147,-14.0251,-9.8419,-4.0982,-7.741,-8.4699,-9.1298,-15.533,-11.4986,-15.6685,-14.13,-1.47,0.4812,-8.1692,0.5883,8.2641,0.9837,3.9814,15.1238,-2.0784,-0.4857,-12.5004,13.6871,17.9151,-8.0129,-4.6239,-21.5073,-5.2655,-21.9024,-8.1614,-7.97,-19.5573,-5.564,-15.6825,-0.1876,-10.4587,-7.395,-7.0964,-5.2336,14.6824,-6.5704,9.8179,-4.8297,-9.8458,16.6592,0.2058,-7.6985,-8.7163,-1.1976,0.8429,-1.7965,12.3206,-4.2591,-4.9997,-9.7219,-19.6863,-16.3644,-20.6344,-2.661,16.0666,7.8358,-27.2717,-0.835,-28.8348,-4.0324,21.2269,-4.0204,1.6731,0.8141,2.5093,5.4644,23.3474,-10.3039,5.4496,0.6382,1.5391,-3.4055,-2.232,-5.8991,-18.1731,-11.0491,21.117,4.0046,16.3139,-8.941,16.6381,-13.4122,7.5727,32.9187,40.015,16.9629,19.1113,-2.8577,2.5295,-0.7471,-15.8787,15.1016,5.4394,0.6886,-5.5552,44.1559,35.0411,30.971,37.6929,-4.4094,-23.1834,36.2438,-11.7429,60.058,-13.3581,22.9868,11.6467,-11.4866,-34.9871,75.657,6.6824,19.5416,-3.9112,0.3574,105.6344,12.0803,21.5418,15.7401,-27.9656,7.6853,134.9571,-25.9926,13.1725,-37.1408,55.8568,55.3385,-39.5269,-45.5331,73.8541,96.2737,-29.5073,22.4885,70.3737,-34.9544,-38.2944,230.8389,-53.5449,-41.4626,61.1493,727.7694,-33.4364,9.8278,-61.5323,-54.2162,832.963,-56.8296,177.8441,0
112,0,0.226,-2.0902,-3.4848,-4.2783,-4.3175,-2.7203,-4.4628,-2.986,-8.2927,-8.3073,-6.5452,-8.0325,-11.4483,-10.8682,-7.8426,-9.5158,-7.467,-3.9736,-6.1293,-7.3778,-8.9968,-5.7851,-12.317,-2.5592,-6.9851,-2.6496,-0.3007,0.5912,-2.2933,-5.1851,-11.8319,-7.386,-4.1989,1.9543,-8.6292,-0.79,4.0759,-4.1969,-4.9246,-13.6391,-8.0968,-5.4456,-10.9264,-6.3933,-11.1992,-6.7529,6.6457,4.2675,-4.1454,2.865,2.3902,-2.5372,-13.7649,3.5339,-16.8456,3.8184,-11.8232,-11.8391,3.1503,-20.0856,2.675,-2.0086,-18.5525,-17.4736,-1.241,-7.7559,-10.3614,-11.5052,-7.8803,4.9946,0.3027,10.7815,13.9505,-4.819,13.7164,-10.0567,5.4412,-6.5168,1.6789,-3.4337,4.9651,2.7695,5.779,-19.8001,-9.0207,-13.0158,-19.858,-3.8373,2.6953,-27.0141,-26.9982,-4.7885,5.5049,-4.5894,11.1503,5.7015,-8.8627,-34.7773,22.8175,-15.6839,12.5149,-2.3838,11.593,-14.5586,3.8701,-13.2014,-2.6663,3.2808,10.9669,3.2803,9.1651,29.645,-4.5462,-1.2752,19.3549,26.294,19.6701,2.2019,14.5499,-15.279,14.62,-7.727,28.6988,-17.5367,-23.6478,39.032,-5.6174,28.0635,-28.6177,29.9602,60.6434,32.5624,-0.1578,30.429,-14.2953,-38.9296,24.5054,-34.9435,11.7017,0.3935,-13.1129,-53.7438,2.1199,-29.2571,8.9126,27.4092,8.2029,80.8219,-18.0489,-16.2324,269.3639,-11.2408,-32.8092,-40.6689,4.7644,210.4898,28.7513,10.6688,-36.3,-1.8459,86.0813,30.3178,2.3681,46.1032,147.1675,26.0469,64.0068,84.6281,112.2521,32.5351,133.316,25.9119,14.5361,-8.2076,-37.9038,179.8054,10.9512,110.1722,-32.1315,79.0849,-66.3725,-61.1361,55.5407,-96.9502,0
116,0,3.2199,-3.4519,-3.4118,-4.4981,-5.4034,-0.3274,-3.7396,-3.0221,-8.5167,-7.1997,-9.2664,-9.2918,-10.3612,-10.2061,-8.8319,-6.4809,-10.6249,-5.0302,-6.098,-9.3016,-8.5165,-8.3263,-6.534,-6.7147,-7.0186,-12.4601,-2.7925,-0.6153,-4.1898,-6.1329,-10.1406,-4.6226,-2.9254,-3.2865,-10.1001,0.7386,-11.603,-0.4106,3.3087,-11.6427,-14.3378,-5.4326,-9.1145,-0.0698,-13.13,-11.6388,-3.1207,4.3614,5.1538,-1.2931,2.894,6.2736,2.4134,-10.4529,2.6105,9.8369,-4.4783,-12.3671,-10.5926,-22.5551,-9.9129,-20.5761,4.4623,-17.4574,-24.4731,-0.7686,-18.2963,-12.8499,-11.015,-19.488,9.6953,10.4847,4.3362,-1.9157,2.639,0.3434,13.4183,-1.4092,9.1987,-4.636,-2.2961,9.3946,-2.7185,-0.9194,-6.3606,-13.9857,-19.7159,4.3934,7.8937,-14.2484,1.6585,5.1823,-17.7455,-26.5464,-2.424,-9.3396,22.3725,-2.0346,-8.8091,18.1832,-7.6207,-6.2007,-10.8374,-21.7092,2.1543,10.1929,-8.1782,4.0303,4.7107,-0.2335,-18.2552,-6.2298,13.2972,-14.0696,23.8552,-15.296,-11.3769,17.4781,34.5655,0.6671,52.4935,18.9114,-2.4008,-1.9571,9.9843,-2.7267,26.2792,-18.6974,68.8124,19.9987,-30.9183,-7.9637,15.4605,-17.7791,-6.2209,-11.8104,18.6412,-13.2576,18.5208,1.8108,31.7799,42.0766,-25.4497,12.7779,22.9132,-26.0627,-5.1258,17.3888,-5.6747,20.5377,35.1533,104.5581,92.4658,-42.2295,45.6839,20.4687,-46.3191,173.1313,-32.1628,199.5046,-30.2416,52.4562,107.6695,31.3076,-38.4171,-112.2801,21.1249,-10.2993,-50.6536,32.0005,-5.0757,-51.3475,60.4925,-68.2008,-40.6385,87.4546,47.5375,139.7111,53.6498,-19.679,56.6554,-37.9791,259.722,30341.6477,0
120,1,2.7603,-2.9692,-2.3521,-3.5664,-3.1473,-0.0971,-1.2248,-5.4276,-4.9522,-8.0482,-11.3102,-7.5558,-11.1702,-13.9036,-8.9475,-13.5725,-8.3393,-7.2229,-11.7736,-11.3748,-8.6332,-5.1129,-3.0294,-6.4029,-6.276,-3.0658,-5.5066,0.4662,-2.2384,-3.7612,0.2877,-4.12,3.0695,-0.7432,-2.4446,0.9744,-0.5663,-2.1641,-5.6571,-2.9664,-10.1726,-4.436,-11.1286,-18.8234,-11.9728,-5.4144,-1.2893,-10.4295,6.6167,6.6915,1.0716,18.3763,0.6829,9.5022,-0.6629,-13.3178,-12.2809,-15.3887,-1.6056,-11.5517,-8.6882,25.7928,-32.278,-4.8561,-17.8535,-17.1813,-14.2277,-19.801,-10.3507,-4.0039,-5.2223,-0.3235,7.4346,-5.5561,4.5517,9.298,-5.9617,-4.1224,-6.1924,18.6742,-15.0364,13.9175,-8.5419,-15.8457,3.5051,5.8661,-15.0054,19.5439,5.2887,-14.4187,-14.0281,4.5688,-19.6614,-7.5322,28.8223,-28.6449,-7.8402,-6.7126,-48.2668,-15.38,-25.1455,-5.6376,-14.8961,-5.0193,-11.3443,-18.1205,0.5633,-16.3632,-3.9597,-7.9524,11.4014,-4.8612,-26.9722,15.6807,9.4761,3.3225,-26.1109,17.4939,-20.2046,7.3236,25.1039,2.2914,-19.8632,22.7603,17.2234,-11.7891,-18.1645,13.1699,39.091,21.4906,-33.2214,28.801,36.049,0.5401,64.658,-15.6617,-5.3714,24.5,18.7687,-14.847,-7.441,2.4404,-19.2549,39.7112,-13.2015,-58.1564,10.4689,34.4399,9.2128,42.3741,-19.1954,6.6043,-17.7142,-39.7456,37.3636,-15.4894,82.0551,3.1677,27.3636,-33.8128,36.1506,135.6177,-0.7055,-37.7387,-53.8062,49.3351,132.2493,-30.704,-8.0562,-19.0981,-46.3976,13.2851,139.6525,25.6992,54.1017,134.0969,-29.5907,393.3325,-32.5668,166.1067,36.9691,53.7899,275.9654,35.9523,0
124,1,2.2201,0.0613,-4.7293,-5.1501,-2.5097,-2.6246,-3.2891,-4.9737,-2.9712,-5.0219,-7.5669,-6.5451,-12.8234,-8.8866,-7.2803,-9.7738,-5.3509,-6.0089,0.9225,-7.0322,-8.9661,-4.8991,-5.4376,-5.7574,-5.9339,-4.0441,-2.9434,-0.7943,1.9172,1.5669,-1.652,-14.8394,-12.592,-9.9434,-10.6404,-2.7892,0.2089,-3.8401,-14.7125,-5.153,-12.9335,-11.4549,-12.7464,4.1631,-10.2959,-4.1411,-0.3197,-13.0839,-15.8298,5.0133,9.4419,-1.9343,-5.2802,-12.0818,4.1204,-3.1725,-13.7115,-4.6475,-8.8385,0.4313,-0.0758,0.7162,-13.5237,-15.7217,-20.4164,3.7366,-23.4943,-18.1392,-7.4597,1.7455,-3.375,-1.623,-1.8948,2.5296,-5.1601,2.3339,-3.4921,-7.0063,-7.281,-5.2068,-11.9843,7.8565,8.6857,12.4144,-9.0131,0.3385,-40.5284,-7.246,-11.6863,1.5177,-5.0626,-19.2077,-26.9928,-4.1118,13.8918,6.907,-6.5168,-11.5135,4.025,15.1902,5.2003,4.4278,-6.2281,14.8796,-6.1389,-16.4418,-6.6685,15.4205,-8.4058,0.3929,-1.9715,-16.8563,4.8703,-8.959,-4.6523,-3.277,12.118,-5.9202,33.8693,0.8221,8.5243,-1.8219,13.6836,-15.0378,-3.8168,-1.3901,-10.1998,-17.6408,7.301,-3.9579,24.5911,-18.9443,22.4873,8.9918,3.735,-20.4578,20.0904,55.9855,-5.5055,37.1145,42.7685,-7.4525,35.6888,24.2366,12.8029,-32.0105,-40.6618,-8.5612,37.2956,11.6701,0.339,-2.6317,-0.8817,-31.7777,3.6414,-12.5766,147.1076,12.8702,-15.92,23.9627,20.4208,8.9603,53.8833,3.7556,66.0161,-16.1102,-27.2194,186.9255,-4.4759,-46.1324,59.0071,-18.3156,16.9723,723.1934,134.2607,-54.4399,-111.8175,-14.9134,25.3938,14.2002,-14.9391,11.6687,94.1466,15.7035,0
128,1,0.0148,-2.8225,-3.2756,-4.8048,-3.9506,-2.2508,-1.7509,-0.9845,1.2668,-5.1807,-10.8131,-8.0755,-14.2701,-7.7204,-6.5054,-9.0462,-8.0503,-9.9702,-5.2483,-8.5655,-9.1622,-5.4219,-9.4524,-9.9416,-8.4855,4.0727,-3.2687,-3.1402,-0.5821,-3.9937,1.2701,-1.3675,-1.6076,-13.6221,-6.9631,-1.1634,-1.7245,-13.1272,-7.2291,-11.4182,-5.8947,-11.7471,-16.3364,-15.5565,-0.9168,-7.7243,-16.8819,-6.617,-5.9581,-13.1025,-13.9396,-1.1408,-10.4284,-1.977,-8.249,9.9134,-15.9672,-14.633,-8.9444,1.2763,-13.8732,-3.7597,-15.5825,-1.9023,-24.6731,1.5721,-26.7849,-16.8626,-3.4608,11.9612,2.905,-3.3601,10.8775,5.4472,-22.3528,-10.4508,4.0876,10.1527,-8.8552,-0.7682,-10.8949,3.3347,-7.0677,15.3271,3.653,-7.1969,-10.6907,-0.2135,-13.9749,-16.6862,-7.8486,-3.2451,-18.2198,26.0866,11.4457,2.9695,0.8138,-22.2925,3.8523,-17.8865,-12.231,-1.0989,-10.8205,-21.2732,-16.3132,-19.9483,-9.7296,-13.7836,0.0672,-2.4969,-6.1662,-12.4977,-6.6864,20.3837,21.0578,-23.8832,24.4468,-8.7905,34.9196,2.3198,42.9587,-23.3096,25.5498,-8.7781,46.8348,-13.0587,49.1132,3.0893,22.4917,4.2925,-29.6412,41.4222,-0.8977,17.0101,-18.7114,3.5145,5.322,3.087,-16.6449,33.2506,-45.1651,9.7423,4.3106,-0.9614,-15.0054,-26.0793,21.7504,27.9748,36.0497,58.8221,40.9948,-16.7973,-20.4884,2.4751,37.9252,33.3324,-39.4099,156.679,-55.7246,103.9657,54.7776,144.02,-63.1233,7.4614,23.6389,2.7619,496.6957,40.4238,42.3533,45.268,49.1282,37.658,42.0719,-29.7528,-48.7447,142.3977,-30.1772,-72.9069,83.9364,-68.2115,-14.2255,35.9784,-33.3715,186.746,0
132,1,0.1926,-0.4691,-4.122,0.8206,-6.3728,-1.1157,-1.7324,0.5989,-1.7321,-4.1903,-5.1728,-9.3189,-10.9321,-12.821,-6.553,-1.3002,-2.8707,-2.8209,-3.2488,-5.5964,-2.731,-6.0527,-4.8099,-3.2411,-6.3224,-6.205,-0.5321,-5.2213,-3.9528,5.1679,2.2305,-3.0399,-2.7353,-3.1886,-3.3435,-1.997,-6.8413,0.038,-6.3741,-5.6616,-11.8671,3.8899,-6.201,-3.2501,1.322,-4.7479,-8.7129,6.8922,-9.8924,8.9317,5.2148,12.4873,1.8721,-10.8117,16.2613,-8.171,-2.2231,-6.4415,-0.1631,-7.4338,15.0446,7.4969,-13.4062,-4.0664,-19.5736,-10.0702,-14.0212,-10.6441,-10.2251,-3.4274,-15.6262,2.1684,8.4715,-6.6703,-5.9574,0.8029,6.238,-1.89,-9.6117,11.1904,2.1589,-10.4846,10.5237,5.5166,-6.0584,-1.0206,-3.5242,-3.4905,-6.8069,-11.9302,0.0741,3.0848,-15.0767,-18.577,2.8489,30.8479,22.2058,-9.1091,11.1703,1.8369,-6.6574,-21.3016,-18.8396,-1.8657,4.2596,-13.2563,0.9404,-18.9454,-10.6057,12.9915,1.2438,8.9309,-7.0769,-11.5801,-22.2982,-10.6451,-6.7824,39.7035,1.5412,16.311,3.6671,55.7959,34.5905,15.9522,-5.4392,-18.8983,-9.3332,29.6629,30.7764,-12.5198,-3.4575,73.5652,-15.392,3.539,43.448,14.7161,47.1325,21.6537,-12.2264,33.4102,-24.4882,17.0866,-17.7203,7.9317,2.6933,21.7016,14.0238,22.1142,-41.8736,-20.7397,8.076,48.3314,9.5037,18.2932,-45.2563,56.3141,52.6679,67.6418,9.1275,-2.1644,20.1934,64.6586,6.7444,-4.4818,-73.6277,-24.4288,-35.4715,-1.0355,-60.4462,-34.4589,-52.2848,-84.0414,5.6358,-63.8211,263.1515,184.3681,13.3283,-75.1745,566.4601,551.1381,-21.5546,-16.5863,39.3917,733.5233,0
136,1,1.965,-2.9716,-2.8733,-5.3459,-3.9096,-1.0763,-4.5552,-0.4423,-4.4972,-4.4379,-10.688,-9.785,-11.0058,-12.8616,-9.7967,-11.0542,-10.0171,-6.6594,-8.9193,-8.2451,-5.059,-4.9129,-8.3889,-5.2231,-10.2163,0.4223,-4.9404,-4.1347,-1.0565,-4.5904,-4.9053,-3.1902,-5.3578,-9.4984,0.4845,-6.2533,-8.2454,-5.5855,-12.2438,-10.4546,-6.2124,-14.5335,-10.6462,-5.0932,-9.3032,-1.14,-13.6734,4.0672,10.2373,-5.2586,-1.4008,1.7483,-8.0981,-1.4889,-7.8687,-4.1935,-11.351,-6.3603,13.4967,-7.0987,-25.9619,-1.3639,-22.4079,-3.226,21.3919,-7.2072,23.5524,-25.3882,-7.8253,-5.8132,-9.7447,-7.4808,1.9912,-11.7064,1.1791,1.7003,-5.9543,3.7181,8.0474,-1.1909,1.1734,-5.2088,-1.7562,12.7444,4.4688,2.5354,11.6749,6.4358,-10.8083,-18.6561,10.2313,-17.4042,-18.3728,-26.8123,-26.6012,-18.9077,-12.8088,3.1718,7.2828,-6.7104,5.9869,-17.1137,-1.1856,6.8756,6.1782,-9.391,11.2111,-33.3308,-12.7459,-4.7269,-8.7481,-19.1092,10.7166,-3.2749,14.9946,-16.2767,-0.2893,-1.923,1.6909,12.0354,14.1757,-0.7002,-23.0784,-4.1792,9.4828,-46.7306,-30.4944,19.6494,8.1537,31.158,11.9441,13.7128,52.087,-5.3496,21.9704,12.7868,28.5048,-46.8205,-9.3418,10.711,-12.9479,3.6372,6.7827,-1.4567,75.8872,34.556,41.0919,108.2899,-3.457,65.784,53.9891,-10.4999,-1.6973,45.668,-13.5895,-28.708,-32.2076,23.975,-61.3513,17.2091,98.033,12.2084,-6.4564,22.4058,-33.1177,-79.176,-34.2155,-51.1371,-43.6344,122.1873,43.8656,50.3561,-53.5652,-57.1409,-103.7514,96.2775,-73.2295,143.3052,51.9751,73.326,363.6639,1066.7691,52.0803,3163.5269,0
140,1,1.2114,-0.2888,-2.9342,-1.0911,-5.5616,-3.8899,-3.1316,-3.4704,-6.9395,-7.197,-9.8159,-11.0192,-11.2015,-10.0289,-5.3741,-8.16,-7.3481,-1.8486,-4.3067,-7.6981,-6.2051,-4.4945,-5.0968,-5.0087,-5.2809,-6.6344,-4.4088,-0.1008,0.5764,-8.3541,1.7686,-4.9005,-5.7955,-5.4239,2.9791,2.3819,-6.5817,-7.562,-8.7295,-10.9017,-11.0752,-3.7187,-17.1076,-7.8589,-10.341,-2.2713,-2.6189,1.9162,10.6061,14.9053,2.2853,0.4001,6.0485,8.0317,-2.8678,-5.6011,6.8976,12.609,-19.0926,4.6793,-7.4872,16.5849,-10.8527,-5.3617,-0.1047,3.3469,12.5599,-1.1563,-12.3842,-9.1305,-9.8443,10.0541,4.0082,1.6436,2.2916,1.8462,0.4955,0.1474,6.4647,-3.0042,1.0735,4.6785,10.5682,7.6717,5.3089,-12.1773,-8.2515,5.2896,-10.3872,-2.7786,-0.6652,-15.2013,0.4722,-3.4727,-7.7105,3.1034,-11.4621,12.6735,31.4252,-6.8837,-12.9189,-25.8691,2.133,10.3673,-9.8351,-5.9376,22.1506,12.8013,-21.9274,-11.7066,-11.6856,-26.819,-38.662,-5.4995,-1.3386,-6.3133,-20.0764,-3.9958,-5.2197,7.7094,-8.9509,11.7736,-20.5187,29.5598,-2.7987,8.5624,2.824,1.6803,-8.2047,10.3306,-2.709,-16.9397,24.6771,94.0255,10.8095,27.5943,23.9456,-1.8443,-8.6042,1.0113,-2.7324,16.7322,-26.0405,1.4775,-9.756,18.7425,69.2494,-5.2776,1.4746,40.2712,34.1805,-13.6422,4.5957,-15.489,68.0438,-44.9857,55.3857,-30.0006,-32.4095,58.4706,95.6985,46.8896,-7.2681,-78.3741,768.6737,29.2629,220.472,62.5961,228.1673,43.373,-56.8479,28.5437,-35.9961,-77.6362,98.3673,-9.4458,451.9457,-54.1248,203.3529,-60.9119,-53.9035,3.6147,660.1833,111.2056,0
144,1,-0.1358,-3.5359,-5.7799,-1.5536,-4.3157,-2.9023,-1.0914,-2.9175,-2.3116,-2.7835,-8.2265,-9.4963,-7.5527,-9.7865,-8.7571,-6.9007,-6.0405,-4.1331,-3.5759,-12.6201,-9.6231,-11.9458,-3.2352,-4.6107,-4.2842,-2.1913,0.139,4.5732,3.9673,-7.3355,-10.6783,-7.0453,-2.2444,3.2801,-7.5725,-1.8115,-10.6208,-3.8634,-2.1005,-17.3213,-3.9054,-10.5371,-7.3227,-5.1544,8.3715,-2.5803,-11.5657,7.2883,-11.5125,15.5534,-2.5699,13.8579,19.8844,-12.9443,-14.8974,-9.7834,3.9166,20.6809,-2.9259,-8.4049,-2.9346,-11.7937,14.2534,9.711,18.8533,0.1427,-15.5565,-10.4805,-10.8119,-3.2645,4.5693,3.5634,-3.1215,13.9391,11.7317,13.0592,7.9381,6.3023,-4.4758,8.2123,0.9591,1.1419,-3.5376,15.6265,23.8213,-8.6464,-8.7189,-6.8229,-28.837,-6.575,-20.52,42.0714,1.9341,4.646,-18.7681,-11.2979,-10.5008,19.2685,-9.4166,3.3024,16.7155,-10.2624,1.6524,6.0674,13.6184,12.9531,-13.5269,-16.334,13.0814,-6.5706,-9.3399,-8.5898,-0.3542,-11.1644,3.6762,-14.2287,-1.9908,14.2262,-14.3584,37.762,5.2771,21.3311,9.787,-34.9039,27.237,21.9282,-9.2225,-11.4642,-21.4052,49.9031,-10.077,75.5496,-7.6115,12.471,9.446,41.702,-22.537,24.1755,-8.7591,-23.9362,14.5171,59.1333,-6.1159,45.7368,30.0591,4.2878,44.3581,104.4242,6.8453,-46.1199,-10.89,1.3676,41.5369,2.7208,29.3972,111.3098,35.2824,23.7487,-5.9437,6.4467,96.9787,169.5375,-35.3266,-36.5466,131.377,31.2814,0.9688,-1.6424,-95.956,-30.9695,-48.7617,108.2263,96.2057,41.494,-33.9117,-13.3728,-24.3012,-9.9596,-70.7835,204.8439,-84.7252,32.1089,-37.0719,-33.0854,0
148,1,-0.282,-0.75,-2.7829,-3.4511,-3.599,-1.5022,-1.1014,-4.3697,-2.7269,-4.0355,-7.016,-5.1396,-11.8962,-7.2258,-10.3402,-4.7093,-5.7269,-5.9475,-5.5938,-8.0564,-8.7384,-5.0611,-5.4937,-3.3283,-10.9869,-0.7853,3.7233,-7.5737,-6.4563,8.2036,1.5002,-1.9122,-0.503,-7.9618,-4.4673,-9.1764,6.2028,1.519,-0.7136,-5.9869,-10.5316,-14.9217,-3.4091,8.6901,-5.9883,7.9566,0.2244,-0.8699,-4.1746,-0.4349,-5.8598,23.1489,6.859,19.1309,-10.392,-4.0389,-12.6521,2.1104,-9.2842,0.0113,-14.2578,1.2117,-8.7441,-16.6128,-11.2394,-7.8829,9.6862,-11.0142,0.008,-0.583,6.2359,-6.903,22.5393,6.8377,-0.8164,2.6954,-1.1136,4.9596,0.0003,-6.1238,3.5914,0.4301,-8.0613,-8.9356,3.5662,-19.0923,-0.1754,-27.1927,-4.2182,-9.5434,13.0046,1.8294,-15.3324,-19.481,27.9527,4.188,-19.1212,1.5307,6.5914,3.9113,0.2423,-10.3884,-13.2229,31.3229,10.684,0.9844,4.0288,-4.8826,8.8251,-12.9335,-19.1552,-12.9297,21.397,-20.0429,-0.7865,-2.4311,18.402,11.8654,14.9928,19.1685,8.7421,-6.991,-2.208,-2.0795,38.2725,-1.175,2.0503,41.4061,-2.1441,15.0984,32.0772,-22.9139,-3.7509,-25.8691,47.2661,20.0961,-4.3435,35.2263,-33.5275,-5.6109,-9.8527,-9.0688,-2.1689,24.2869,6.0394,8.0945,-32.2254,12.8285,27.4914,35.9166,14.5125,82.3329,3.5217,132.2592,-19.1206,-26.2906,37.4409,0.0914,13.164,8.5123,228.7903,69.6088,46.6881,-31.6047,-31.7866,15.0016,-13.2708,-24.2925,7.5593,157.7871,-35.936,298.6574,462.5895,25.9873,14.6336,34.7085,-62.4121,-66.4116,72.459,-52.0691,-53.4514,85.4793,41.3457,-66.5369,0
152,1,-0.0549,-1.6501,-1.464,-3.4595,-4.4101,-3.2376,-3.7458,-5.1884,-2.0785,-4.6261,-8.7008,-11.6699,-10.768,-13.4777,-11.1902,-8.5934,-4.8678,-9.909,-6.4955,-11.7045,-11.04,-5.5465,-4.5257,-9.5,-1.5408,-6.6245,-9.4738,2.4776,-7.0438,-4.0262,-9.264,-4.23,-0.9257,-3.2471,-1.6394,4.5082,2.2003,-9.1792,-11.3724,-15.7918,-2.596,-9.0543,2.789,-7.1037,-11.5683,-9.647,-4.0363,-6.5714,-7.4898,-5.0093,-4.2937,11.7049,1.3137,2.0231,-13.2006,-1.8735,4,-11.2269,-8.9553,-17.3861,-23.6353,8.8099,-18.3508,-10.9379,-0.8049,-3.5629,-7.674,-10.648,-13.4884,-2.6608,21.4605,0.6208,-0.5746,-14.9505,-0.2996,1.8226,-0.554,19.8478,8.821,14.3571,-10.0341,-3.0906,-5.0274,-9.7368,-17.0394,-3.2733,7.3124,-2.1771,7.4927,-2.9798,-1.8339,-18.0749,-8.3129,-7.1009,-18.3882,5.814,-3.8026,-8.5308,10.0998,-2.0946,8.2755,-15.205,-17.9143,-11.0495,-27.2375,-17.9953,-18.8175,0.5858,-1.2294,-10.3682,5.4171,-6.3275,-24.3598,6.7333,-17.2686,-12.0869,-15.5284,13.5046,-12.6208,11.2144,0.8338,19.325,-6.7045,33.8916,35.3841,-25.6343,-15.1941,30.9741,24.9624,9.9606,-12.5703,-14.6109,-9.803,-17.6338,-9.6874,32.888,-19.0633,5.5911,43.0795,38.3189,-19.6466,1.1773,7.4006,-0.7723,17.8643,39.3694,47.1217,-27.954,-24.6079,-5.332,59.8953,86.4369,161.514,1.8604,-56.0975,-4.4533,-10.7346,5.9309,-22.0849,-71.1552,13.428,-5.4567,34.921,4.4634,-14.7869,-50.8917,-56.5127,-43.9679,-54.8352,397.6302,-83.8933,6.4283,9.882,-105.4666,-55.3343,604.0758,8.1053,926.8816,347.9725,63.1594,137.9259,-25.0859,-820.539,266.4052,0
156,1,1.4149,-1.6062,-1.751,-4.6317,-3.3517,0.176,-1.1367,-3.2987,-4.3078,-5.8916,-6.9764,-10.5718,-12.3068,-11.0256,-6.8065,-8.1991,-7.5724,-5.2032,-4.7866,-6.302,-5.6673,-5.0792,-1.648,-5.4892,-1.0124,1.33,-5.6317,-4.4542,-6.9011,-4.8872,2.1171,9.0937,-2.742,-8.7128,-8.5227,2.0801,0.5739,-3.058,-7.1731,-6.8905,-13.273,-9.5504,5.7424,-5.0972,-1.2678,1.7329,-4.4455,6.1394,-2.9091,-7.0428,14.9785,1.3822,-3.3882,-2.4454,-6.3511,16.0427,-12.2863,-8.0326,-3.108,-9.6668,-1.8656,-9.5115,1.2453,-8.398,-4.3353,-0.9867,-18.2896,-12.2498,8.0707,-14.256,-0.3812,-8.6832,13.768,-7.7911,-3.0454,5.0407,-3.2179,-3.9455,-14.978,0.9414,0.3528,22.3297,-10.9009,28.1948,-1.618,10.0083,12.4756,-10.3723,0.0096,-15.3889,7.2892,-6.3354,-8.2643,6.4454,-17.6118,-26.6862,19.1902,4.3794,-0.5656,8.1957,4.3103,-5.4706,-14.8623,-11.3496,-13.9464,-3.4448,-2.2508,-1.5016,18.9132,8.4741,10.8771,13.3052,3.8836,8.6429,-30.376,28.7116,-11.7929,18.2429,-15.5732,-0.8849,11.8388,-1.8154,-2.4014,-0.1434,39.9482,69.448,8.9895,15.4308,2.4709,82.689,19.4561,13.5353,-9.4853,31.7034,-3.8714,21.0272,45.5509,68.9451,37.8629,26.3194,52.757,10.2746,28.2046,10.6784,-3.44,41.9895,57.214,-18.9205,18.1683,-0.6056,6.5325,-15.5316,21.7652,10.2911,-41.6025,14.6505,248.6453,-69.6973,80.9801,41.305,7.8847,73.426,-5.8967,27.1689,-87.787,-3.8563,69.3412,-15.751,7.2022,-21.4344,3.7141,-34.1911,-9.8812,91.6855,37.7405,-72.6266,-49.7256,75.8102,17.8652,26.6173,-32.9962,22.8549,-71.0252,-81.4537,0
160,1,-0.1223,-2.0031,-3.8343,-2.2554,-4.7833,-1.8904,-3.4934,-4.7239,-1.1689,-7.3119,-8.1541,-9.1432,-13.4794,-12.2529,-10.3272,-7.0497,-6.797,-7.5091,-6.3219,-7.9192,-8.5118,-4.5645,-8.7681,-10.0344,-6.5644,-6.6439,0.1558,-4.5944,-5.6194,-2.8592,-6.6555,-4.5598,-2.7851,-6.3537,1.771,-3.5548,-7.204,-10.6228,-1.2085,-8.8694,-1.3629,-3.3363,1.904,-7.9462,-14.4564,0.1786,-7.7844,-13.0642,5.0811,9.6426,-3.7312,-4.0985,0.2633,-4.4001,3.6847,-6.9722,-9.0928,-5.6396,-4.6565,-18.2057,-19.4706,18.0342,5.738,-14.58,-16.0516,-16.3279,-18.5716,-5.8428,-8.2872,-25.9845,-2.341,-7.4797,-3.8719,10.6156,17.7916,0.6208,-4.1945,-8.3,5.3624,-3.0799,-1.9113,0.9063,21.8968,7.0676,23.3233,20.7027,0.66,4.1677,-16.2788,-22.8103,-9.091,-3.6597,-23.8828,-8.1421,-8.5888,-2.4644,-8.0949,-7.4356,10.747,-13.8374,-13.11,-9.1174,-10.9477,-3.0043,-7.3673,14.7693,-0.7721,0.3933,0.3513,-21.878,8.5375,9.559,1.7189,-17.0039,-16.5584,-9.9419,-2.212,11.9542,13.0268,-20.5465,1.711,17.2345,0.8626,-23.3046,-7.3732,27.54,11.1892,29.6949,-14.4884,-1.2565,39.6586,23.8219,-1.0105,-1.4274,35.2798,21.179,-7.6675,19.7571,-12.5007,8.9717,63.9658,7.445,7.6673,-0.6203,40.4849,42.0076,-41.5644,32.6687,-39.5299,2.3383,44.0492,6.6749,37.371,-14.2108,77.4423,-2.0232,-35.0772,104.7006,40.8698,6.9715,16.7737,-53.8926,22.0069,-37.1484,46.9378,-4.6229,-79.8877,39.0797,-58.2962,96.8371,-28.4378,29.6881,18.2827,199.4323,-59.7023,116.6126,47.1933,177.3017,28.0735,39.4839,-11.2619,70.9995,-29.6196,-7.0907,0
164,1,0.7781,-2.5113,-4.1905,-4.9232,-7.5134,0.392,-0.4604,-1.5686,-4.8831,-9.3625,-6.5134,-8.0582,-9.0186,-8.3873,-8.5409,-8.1417,-5.0176,-5.5438,-5.1538,-5.873,-5.612,-3.7562,3.6948,-4.2617,-2.1826,-5.4698,-1.0705,-3.8223,-0.6201,-0.976,-5.9381,-10.2075,3.6846,-2.2526,-2.6723,-4.1006,-2.7297,-10.8954,-4.6525,-2.6925,-7.1898,-12.7003,-11.3412,-4.5935,-3.1542,2.7598,7.7807,-3.4123,-1.3969,31.9466,-1.5846,10.7882,13.7576,-4.8445,1.3578,-15.3331,-6.3785,-14.0876,-5.005,-8.2177,-8.3615,-9.4176,-2.0301,-32.037,-22.3474,14.8107,-29.2368,-14.106,-2.0762,-15.3933,-3.0807,-16.169,13.1409,-6.9524,-6.2239,11.3283,-18.0268,3.8957,2.2673,9.9284,-1.8073,19.9211,-6.4277,32.1837,-16.299,2.6556,6.509,-0.0812,-3.454,-8.669,4.9859,-12.2023,19.1565,-20.5056,24.2361,-22.8105,6.3845,-13.9281,5.3157,41.1656,-13.1876,-7.9717,-13.5501,9.165,-7.8422,-1.9217,15.0772,-4.6025,-4.2145,1.4484,-14.4996,3.1364,19.4185,-5.5873,-8.2948,-11.5266,25.9154,34.123,15.7076,0.0975,-19.5045,-20.1735,16.563,12.7666,24.7458,-35.5488,13.7495,37.1755,0.9107,0.0393,13.0956,115.7075,-24.3538,2.1703,37.9223,21.4631,65.7199,-11.6339,-8.9756,11.7007,10.8109,50.0816,-14.7071,17.6266,-28.3704,35.5,24.0005,-25.6869,-41.5179,78.2473,-22.1325,3.0185,-12.2234,16.9233,63.8519,-8.4538,-0.2672,108.9235,-51.5437,64.7524,25.6803,14.1767,10.3906,15.1934,-36.2695,49.7204,-18.6291,-92.6878,91.23,-15.1053,-80.6391,-13.8172,-14.3228,-59.5019,-96.3802,7.2224,60.4191,4.441,706.3449,94.6106,274.3235,42.3157,3595.7168,60.1855,0
